03;[(19, 29, 28, 20, 11, 12, 13, 3, 4), (77, 69, 78, 70, 62, 53, 44, 52), (41, 51)]
03;[(19, 29, 28, 20, 11, 12, 13, 4, 3), (77, 69, 78, 70, 62, 53, 52, 44), (41, 51)]
03;[(19, 29, 28, 20, 11, 12, 4, 13, 3), (77, 69, 78, 70, 62, 52, 53, 44), (41, 51)]
03;[(19, 29, 28, 20, 11, 3, 12, 13, 4), (77, 69, 78, 70, 62, 53, 52, 44), (41, 51)]
03;[(19, 29, 28, 20, 11, 3, 12, 4, 13), (77, 69, 78, 70, 62, 53, 44, 52), (41, 51)]
03;[(19, 29, 28, 20, 11, 3, 13, 12, 4), (77, 69, 78, 70, 62, 52, 53, 44), (41, 51)]
03;[(19, 29, 28, 20, 11, 3, 13, 4, 12), (77, 69, 78, 70, 62, 52, 44, 53), (41, 51)]
03;[(20, 29, 28, 19, 11, 12, 13, 3, 4), (77, 69, 78, 70, 62, 53, 44, 52), (41, 51)]
03;[(20, 29, 28, 19, 11, 12, 13, 4, 3), (77, 69, 78, 70, 62, 53, 52, 44), (41, 51)]
03;[(20, 29, 28, 19, 11, 12, 4, 13, 3), (77, 69, 78, 70, 62, 52, 53, 44), (41, 51)]
03;[(20, 29, 28, 19, 11, 3, 12, 13, 4), (77, 69, 78, 70, 62, 53, 52, 44), (41, 51)]
03;[(20, 29, 28, 19, 11, 3, 12, 4, 13), (77, 69, 78, 70, 62, 53, 44, 52), (41, 51)]
03;[(20, 29, 28, 19, 11, 3, 13, 12, 4), (77, 69, 78, 70, 62, 52, 53, 44), (41, 51)]
03;[(20, 29, 28, 19, 11, 3, 13, 4, 12), (77, 69, 78, 70, 62, 52, 44, 53), (41, 51)]
04;[(19, 29, 28, 20, 11, 12, 13, 3, 4), (68, 69, 78, 70, 62, 53, 44, 52), (41, 51)]
04;[(19, 29, 28, 20, 11, 12, 13, 4, 3), (68, 69, 78, 70, 62, 53, 52, 44), (41, 51)]
04;[(19, 29, 28, 20, 11, 12, 4, 13, 3), (68, 69, 78, 70, 62, 52, 53, 44), (41, 51)]
04;[(19, 29, 28, 20, 11, 3, 12, 13, 4), (68, 69, 78, 70, 62, 53, 52, 44), (41, 51)]
04;[(19, 29, 28, 20, 11, 3, 12, 4, 13), (68, 69, 78, 70, 62, 53, 44, 52), (41, 51)]
04;[(19, 29, 28, 20, 11, 3, 13, 12, 4), (68, 69, 78, 70, 62, 52, 53, 44), (41, 51)]
04;[(19, 29, 28, 20, 11, 3, 13, 4, 12), (68, 69, 78, 70, 62, 52, 44, 53), (41, 51)]
05;[(18, 27, 28, 19, 11, 3, 12, 13, 4), (68, 69, 78, 70, 62, 53, 44, 52), (66, 56)]
05;[(19, 29, 28, 20, 11, 3, 12, 13, 4), (77, 69, 78, 70, 62, 52, 53, 44), (41, 51)]
05;[(19, 29, 28, 20, 11, 3, 12, 13, 4), (77, 69, 78, 70, 62, 53, 44, 43), (50, 42)]
05;[(19, 29, 28, 20, 11, 3, 12, 13, 4), (77, 69, 78, 70, 62, 53, 44, 52), (41, 51)]
05;[(20, 29, 28, 19, 11, 3, 12, 13, 4), (77, 69, 78, 70, 62, 53, 44, 43), (50, 42)]
05;[(20, 29, 28, 19, 11, 3, 12, 13, 4), (77, 69, 78, 70, 62, 53, 44, 52), (41, 51)]
05;[(20, 29, 28, 19, 11, 3, 13, 12, 4), (77, 69, 78, 70, 62, 53, 44, 43), (50, 42)]
05;[(20, 29, 28, 19, 11, 3, 13, 12, 4), (77, 69, 78, 70, 62, 53, 44, 52), (41, 51)]
05;[(20, 29, 28, 19, 11, 3, 13, 12, 4), (77, 69, 78, 70, 62, 53, 52, 44), (41, 51)]
05;[(20, 29, 28, 19, 11, 3, 4, 12, 13), (77, 69, 78, 70, 62, 52, 53, 44), (41, 51)]
05;[(20, 29, 28, 19, 11, 3, 4, 12, 13), (77, 69, 78, 70, 62, 53, 43, 44), (50, 42)]
06;[(18, 27, 28, 20, 11, 3, 12, 13, 4), (68, 78, 69, 70, 62, 52, 44, 53), (41, 49)]
06;[(19, 27, 28, 20, 11, 12, 13, 3, 4), (68, 69, 78, 70, 62, 53, 44, 43), (50, 40)]
06;[(19, 28, 29, 20, 11, 3, 12, 13, 4), (68, 69, 78, 70, 62, 53, 52, 44), (41, 51)]
06;[(20, 29, 28, 19, 11, 12, 13, 3, 4), (68, 69, 78, 70, 62, 53, 44, 52), (41, 51)]
06;[(20, 29, 28, 19, 11, 12, 13, 3, 4), (77, 78, 69, 70, 62, 53, 44, 52), (41, 51)]
06;[(20, 29, 28, 19, 11, 12, 13, 4, 3), (68, 69, 78, 70, 62, 53, 52, 44), (41, 51)]
06;[(20, 29, 28, 19, 11, 12, 13, 4, 3), (77, 78, 69, 70, 62, 53, 52, 44), (41, 51)]
06;[(20, 29, 28, 19, 11, 12, 4, 13, 3), (68, 69, 78, 70, 62, 52, 53, 44), (41, 51)]
06;[(20, 29, 28, 19, 11, 12, 4, 13, 3), (77, 78, 69, 70, 62, 52, 53, 44), (41, 51)]
06;[(20, 29, 28, 19, 11, 3, 12, 13, 4), (68, 69, 78, 70, 62, 53, 52, 44), (41, 51)]
06;[(20, 29, 28, 19, 11, 3, 12, 4, 13), (68, 69, 78, 70, 62, 53, 44, 52), (41, 51)]
06;[(20, 29, 28, 19, 11, 3, 13, 12, 4), (68, 69, 78, 70, 62, 52, 53, 44), (41, 51)]
06;[(20, 29, 28, 19, 11, 3, 13, 4, 12), (68, 69, 78, 70, 62, 52, 44, 53), (41, 51)]
07;[(18, 27, 28, 19, 11, 3, 12, 13, 4), (68, 69, 60, 70, 62, 53, 44, 43), (66, 56)]
07;[(18, 27, 28, 19, 11, 3, 12, 13, 4), (68, 69, 78, 70, 62, 53, 44, 43), (64, 56)]
08;[(18, 27, 28, 19, 11, 12, 13, 3, 4), (68, 69, 78, 70, 62, 53, 44, 43), (50, 40)]
08;[(18, 27, 28, 19, 11, 3, 12, 13, 4), (68, 69, 60, 70, 62, 53, 44, 52), (66, 56)]
09;[(18, 27, 28, 19, 11, 3, 12, 13, 4), (68, 69, 78, 70, 62, 53, 44, 52), (64, 56)]
09;[(18, 27, 28, 20, 11, 12, 13, 3, 4), (68, 69, 78, 70, 62, 53, 44, 43), (50, 40)]
09;[(19, 29, 28, 20, 11, 12, 13, 3, 4), (77, 78, 69, 70, 62, 53, 44, 52), (41, 51)]
09;[(19, 29, 28, 20, 11, 12, 13, 4, 3), (77, 78, 69, 70, 62, 53, 52, 44), (41, 51)]
09;[(19, 29, 28, 20, 11, 12, 4, 13, 3), (77, 78, 69, 70, 62, 52, 53, 44), (41, 51)]
09;[(19, 29, 28, 20, 11, 3, 12, 13, 4), (77, 78, 69, 70, 62, 53, 52, 44), (41, 51)]
10;[(18, 27, 28, 19, 11, 3, 12, 13, 4), (68, 69, 78, 70, 62, 53, 44, 43), (66, 56)]
10;[(19, 29, 28, 20, 11, 3, 12, 13, 4), (68, 78, 69, 70, 62, 53, 44, 52), (64, 54)]
10;[(20, 28, 29, 19, 11, 3, 12, 13, 4), (68, 69, 78, 70, 62, 53, 52, 44), (41, 51)]
10;[(20, 29, 28, 19, 11, 3, 12, 13, 4), (68, 78, 69, 70, 62, 53, 44, 52), (64, 54)]
10;[(20, 29, 28, 19, 11, 3, 12, 13, 4), (77, 78, 69, 70, 62, 53, 44, 43), (50, 42)]
10;[(20, 29, 28, 19, 11, 3, 12, 13, 4), (77, 78, 69, 70, 62, 53, 44, 52), (41, 51)]
10;[(20, 29, 28, 19, 11, 3, 13, 12, 4), (77, 78, 69, 70, 62, 53, 44, 52), (41, 51)]
10;[(20, 29, 28, 19, 11, 3, 4, 12, 13), (77, 78, 69, 70, 62, 53, 43, 44), (50, 42)]
12;[(18, 28, 29, 19, 11, 3, 12, 13, 4), (68, 69, 78, 70, 62, 53, 52, 44), (41, 49)]
12;[(19, 27, 28, 20, 11, 3, 12, 13, 4), (68, 78, 69, 70, 62, 52, 44, 53), (41, 49)]
12;[(19, 28, 29, 20, 11, 3, 12, 13, 4), (77, 69, 78, 70, 62, 53, 52, 44), (41, 51)]
12;[(19, 29, 28, 20, 11, 3, 12, 13, 4), (68, 69, 78, 70, 62, 52, 53, 44), (41, 51)]
12;[(19, 29, 28, 20, 11, 3, 12, 13, 4), (68, 69, 78, 70, 62, 53, 44, 43), (50, 42)]
12;[(19, 29, 28, 20, 11, 3, 12, 13, 4), (68, 69, 78, 70, 62, 53, 44, 52), (30, 40)]
12;[(19, 29, 28, 20, 11, 3, 12, 13, 4), (68, 69, 78, 70, 62, 53, 44, 52), (41, 51)]
12;[(20, 28, 29, 19, 11, 3, 12, 13, 4), (77, 69, 78, 70, 62, 53, 52, 44), (41, 51)]
13;[(20, 29, 28, 19, 11, 3, 4, 12, 13), (68, 69, 60, 70, 62, 52, 53, 44), (31, 39)]
14;[(19, 27, 28, 20, 11, 3, 12, 13, 4), (68, 69, 78, 70, 62, 53, 52, 44), (41, 49)]
14;[(19, 27, 28, 20, 11, 3, 12, 4, 13), (68, 69, 78, 70, 62, 53, 44, 52), (41, 49)]
14;[(19, 27, 28, 20, 11, 3, 13, 12, 4), (68, 69, 78, 70, 62, 52, 53, 44), (41, 49)]
14;[(19, 27, 28, 20, 11, 3, 13, 4, 12), (68, 69, 78, 70, 62, 52, 44, 53), (41, 49)]
14;[(20, 28, 29, 19, 11, 3, 12, 13, 4), (68, 69, 60, 61, 62, 53, 44, 52), (59, 49)]
15;[(18, 27, 28, 19, 11, 3, 12, 13, 4), (68, 69, 78, 70, 62, 52, 53, 44), (64, 56)]
15;[(19, 29, 28, 20, 11, 3, 12, 13, 4), (77, 78, 69, 70, 62, 52, 53, 44), (41, 51)]
15;[(19, 29, 28, 20, 11, 3, 12, 13, 4), (77, 78, 69, 70, 62, 53, 44, 43), (50, 42)]
15;[(19, 29, 28, 20, 11, 3, 12, 13, 4), (77, 78, 69, 70, 62, 53, 44, 52), (41, 51)]
17;[(18, 27, 28, 19, 11, 3, 12, 13, 4), (68, 69, 78, 70, 62, 52, 44, 53), (41, 49)]
17;[(18, 27, 28, 20, 11, 3, 12, 13, 4), (68, 69, 78, 70, 62, 53, 52, 44), (41, 49)]
17;[(18, 27, 28, 20, 11, 3, 12, 4, 13), (68, 69, 78, 70, 62, 53, 44, 52), (41, 49)]
17;[(18, 27, 28, 20, 11, 3, 13, 12, 4), (68, 69, 78, 70, 62, 52, 53, 44), (41, 49)]
17;[(18, 27, 28, 20, 11, 3, 13, 4, 12), (68, 69, 78, 70, 62, 52, 44, 53), (41, 49)]
18;[(18, 27, 28, 20, 11, 12, 13, 3, 4), (68, 78, 69, 70, 62, 53, 44, 43), (50, 40)]
18;[(18, 27, 28, 20, 11, 12, 13, 3, 4), (77, 78, 69, 70, 62, 53, 44, 43), (50, 40)]
18;[(18, 27, 28, 20, 11, 12, 13, 4, 3), (68, 78, 69, 70, 62, 53, 43, 44), (50, 40)]
18;[(18, 27, 28, 20, 11, 12, 13, 4, 3), (77, 78, 69, 70, 62, 53, 43, 44), (50, 40)]
18;[(18, 27, 28, 20, 11, 3, 12, 13, 4), (68, 78, 69, 70, 62, 53, 52, 44), (41, 49)]
18;[(18, 27, 28, 20, 11, 3, 13, 12, 4), (68, 78, 69, 70, 62, 52, 53, 44), (41, 49)]
18;[(19, 27, 28, 20, 11, 12, 13, 3, 4), (68, 78, 69, 70, 62, 53, 44, 43), (50, 40)]
18;[(19, 27, 28, 20, 11, 12, 13, 4, 3), (68, 78, 69, 70, 62, 53, 43, 44), (50, 40)]
18;[(19, 27, 28, 20, 11, 3, 12, 13, 4), (68, 78, 69, 70, 62, 53, 52, 44), (41, 49)]
18;[(19, 28, 29, 20, 11, 3, 12, 13, 4), (68, 69, 60, 70, 62, 53, 52, 44), (41, 51)]
18;[(19, 28, 29, 20, 11, 3, 12, 13, 4), (68, 69, 78, 70, 62, 53, 44, 43), (50, 42)]
18;[(19, 28, 29, 20, 11, 3, 12, 13, 4), (68, 69, 78, 70, 62, 53, 44, 52), (41, 51)]
18;[(20, 29, 28, 19, 11, 3, 12, 13, 4), (68, 69, 78, 70, 62, 53, 44, 43), (50, 42)]
18;[(20, 29, 28, 19, 11, 3, 12, 13, 4), (68, 69, 78, 70, 62, 53, 44, 52), (41, 51)]
18;[(20, 29, 28, 19, 11, 3, 13, 12, 4), (68, 69, 78, 70, 62, 53, 44, 43), (50, 42)]
18;[(20, 29, 28, 19, 11, 3, 13, 12, 4), (68, 69, 78, 70, 62, 53, 44, 52), (41, 51)]
18;[(20, 29, 28, 19, 11, 3, 13, 12, 4), (68, 69, 78, 70, 62, 53, 52, 44), (41, 51)]
18;[(20, 29, 28, 19, 11, 3, 4, 12, 13), (68, 69, 78, 70, 62, 52, 53, 44), (41, 51)]
18;[(20, 29, 28, 19, 11, 3, 4, 12, 13), (68, 69, 78, 70, 62, 53, 43, 44), (50, 42)]
19;[(19, 29, 30, 20, 11, 3, 12, 13, 4), (68, 78, 69, 70, 62, 53, 43, 44), (50, 49)]
20;[(18, 27, 28, 19, 11, 12, 13, 3, 4), (77, 69, 78, 70, 62, 53, 44, 43), (50, 40)]
20;[(18, 27, 28, 19, 11, 12, 13, 3, 4), (77, 78, 69, 70, 62, 53, 44, 43), (50, 40)]
20;[(18, 27, 28, 19, 11, 12, 13, 4, 3), (68, 78, 69, 70, 62, 53, 43, 44), (50, 40)]
20;[(18, 27, 28, 19, 11, 12, 13, 4, 3), (77, 78, 69, 70, 62, 53, 43, 44), (50, 40)]
20;[(18, 27, 28, 19, 11, 3, 12, 13, 4), (68, 69, 78, 70, 62, 52, 53, 44), (65, 56)]
20;[(18, 28, 29, 20, 11, 3, 12, 13, 4), (68, 69, 78, 70, 62, 53, 52, 44), (41, 49)]
20;[(19, 27, 28, 20, 11, 12, 13, 4, 3), (77, 78, 69, 70, 62, 53, 43, 44), (50, 40)]
20;[(19, 28, 29, 20, 11, 3, 12, 13, 4), (68, 69, 60, 70, 62, 53, 44, 52), (59, 49)]
20;[(19, 28, 29, 20, 11, 3, 12, 13, 4), (68, 69, 78, 70, 62, 53, 44, 52), (30, 40)]
20;[(19, 28, 29, 20, 11, 3, 12, 13, 4), (77, 69, 78, 70, 62, 53, 44, 43), (50, 42)]
20;[(19, 28, 29, 20, 11, 3, 12, 13, 4), (77, 69, 78, 70, 62, 53, 44, 52), (41, 51)]
20;[(19, 29, 28, 20, 11, 3, 12, 13, 4), (68, 69, 78, 70, 62, 53, 44, 43), (65, 57)]
20;[(19, 29, 28, 20, 11, 3, 12, 13, 4), (68, 78, 69, 70, 62, 53, 44, 43), (64, 54)]
20;[(20, 28, 27, 19, 11, 3, 12, 13, 4), (68, 69, 78, 70, 62, 53, 52, 44), (41, 49)]
20;[(20, 28, 29, 19, 11, 3, 12, 13, 4), (68, 69, 60, 70, 62, 53, 44, 52), (59, 49)]
20;[(20, 28, 29, 19, 11, 3, 12, 13, 4), (77, 69, 78, 70, 62, 53, 44, 43), (50, 42)]
20;[(20, 28, 29, 19, 11, 3, 12, 13, 4), (77, 69, 78, 70, 62, 53, 44, 52), (41, 51)]
20;[(20, 29, 28, 19, 11, 3, 12, 13, 4), (68, 78, 69, 70, 62, 53, 44, 43), (64, 54)]
21;[(19, 28, 29, 20, 11, 3, 12, 13, 4), (68, 69, 60, 70, 62, 53, 44, 52), (30, 40)]
22;[(19, 28, 29, 20, 11, 3, 12, 13, 4), (68, 69, 60, 61, 62, 53, 52, 44), (41, 51)]
22;[(20, 29, 28, 19, 11, 3, 4, 12, 13), (68, 69, 60, 61, 62, 52, 53, 44), (30, 39)]
22;[(20, 29, 28, 19, 11, 3, 4, 14, 24), (77, 69, 78, 70, 62, 52, 53, 44), (32, 40)]
23;[(18, 27, 28, 20, 11, 12, 13, 3, 4), (77, 69, 78, 70, 62, 53, 44, 43), (50, 40)]
23;[(19, 27, 28, 20, 11, 12, 13, 3, 4), (77, 69, 78, 70, 62, 53, 44, 43), (50, 40)]
23;[(19, 29, 28, 20, 11, 3, 12, 13, 4), (68, 69, 78, 70, 62, 52, 44, 53), (41, 49)]
23;[(19, 29, 28, 20, 11, 3, 12, 13, 4), (68, 69, 78, 70, 62, 53, 44, 43), (30, 40)]
23;[(20, 29, 28, 19, 11, 3, 12, 13, 4), (68, 69, 60, 61, 62, 53, 44, 52), (59, 49)]
23;[(20, 29, 28, 19, 11, 3, 4, 12, 13), (68, 69, 60, 61, 62, 52, 53, 44), (59, 49)]
24;[(18, 27, 28, 19, 11, 3, 12, 13, 4), (77, 78, 69, 70, 62, 52, 44, 53), (41, 49)]
24;[(19, 28, 29, 20, 11, 3, 12, 13, 4), (68, 69, 60, 70, 62, 52, 53, 44), (41, 51)]
24;[(19, 29, 28, 20, 11, 12, 13, 3, 4), (68, 69, 60, 70, 62, 53, 44, 52), (41, 51)]
24;[(19, 29, 28, 20, 11, 12, 13, 4, 3), (68, 69, 60, 70, 62, 53, 52, 44), (41, 51)]
24;[(19, 29, 28, 20, 11, 12, 4, 13, 3), (68, 69, 60, 70, 62, 52, 53, 44), (41, 51)]
24;[(19, 29, 28, 20, 11, 3, 12, 13, 4), (68, 69, 60, 61, 62, 53, 52, 44), (41, 51)]
24;[(19, 29, 28, 20, 11, 3, 12, 13, 4), (68, 69, 60, 70, 62, 52, 53, 44), (41, 51)]
24;[(19, 29, 28, 20, 11, 3, 12, 13, 4), (68, 69, 60, 70, 62, 53, 52, 44), (41, 51)]
24;[(19, 29, 28, 20, 11, 3, 12, 13, 4), (68, 78, 69, 70, 62, 52, 44, 53), (41, 49)]
24;[(19, 29, 28, 20, 11, 3, 12, 4, 13), (68, 69, 60, 61, 62, 53, 44, 52), (41, 51)]
24;[(19, 29, 28, 20, 11, 3, 12, 4, 13), (68, 69, 60, 70, 62, 53, 44, 52), (41, 51)]
24;[(19, 29, 28, 20, 11, 3, 13, 12, 4), (68, 69, 60, 61, 62, 52, 53, 44), (41, 51)]
24;[(19, 29, 28, 20, 11, 3, 13, 12, 4), (68, 69, 60, 70, 62, 52, 53, 44), (41, 51)]
24;[(19, 29, 28, 20, 11, 3, 13, 4, 12), (68, 69, 60, 61, 62, 52, 44, 53), (41, 51)]
24;[(19, 29, 28, 20, 11, 3, 13, 4, 12), (68, 69, 60, 70, 62, 52, 44, 53), (41, 51)]
24;[(20, 29, 28, 19, 11, 3, 12, 4, 13), (68, 78, 70, 69, 61, 53, 43, 52), (41, 49)]
24;[(20, 29, 28, 19, 11, 3, 4, 12, 13), (68, 69, 78, 70, 62, 52, 53, 44), (31, 39)]
25;[(18, 27, 28, 19, 11, 3, 12, 13, 4), (68, 69, 78, 70, 62, 53, 44, 43), (65, 56)]
25;[(18, 27, 28, 19, 11, 3, 12, 13, 4), (68, 69, 78, 70, 62, 53, 44, 52), (65, 56)]
25;[(18, 27, 28, 19, 11, 3, 12, 13, 4), (68, 78, 69, 70, 62, 52, 44, 53), (41, 49)]
25;[(18, 27, 28, 20, 11, 3, 12, 13, 4), (77, 69, 78, 70, 62, 53, 52, 44), (41, 49)]
25;[(18, 27, 28, 20, 11, 3, 12, 4, 13), (77, 69, 78, 70, 62, 53, 44, 52), (41, 49)]
25;[(18, 27, 28, 20, 11, 3, 13, 12, 4), (77, 69, 78, 70, 62, 52, 53, 44), (41, 49)]
25;[(18, 27, 28, 20, 11, 3, 13, 4, 12), (77, 69, 78, 70, 62, 52, 44, 53), (41, 49)]
25;[(19, 27, 28, 20, 11, 3, 12, 13, 4), (68, 69, 78, 70, 62, 53, 44, 43), (66, 56)]
25;[(19, 27, 28, 20, 11, 3, 12, 13, 4), (77, 69, 78, 70, 62, 52, 44, 53), (41, 49)]
25;[(19, 29, 28, 20, 11, 12, 4, 13, 3), (68, 78, 69, 61, 62, 52, 53, 44), (41, 51)]
25;[(19, 29, 28, 20, 11, 3, 12, 13, 4), (68, 78, 69, 61, 62, 53, 52, 44), (41, 51)]
25;[(19, 29, 30, 20, 11, 3, 12, 13, 4), (77, 69, 78, 70, 62, 52, 53, 44), (41, 49)]
25;[(19, 29, 30, 20, 11, 3, 12, 13, 4), (77, 78, 69, 70, 62, 52, 44, 53), (41, 49)]
25;[(19, 29, 30, 20, 11, 3, 12, 13, 4), (77, 78, 69, 70, 62, 53, 43, 44), (50, 49)]
25;[(20, 29, 28, 19, 11, 12, 13, 4, 3), (68, 78, 69, 61, 62, 53, 52, 44), (41, 51)]
25;[(20, 29, 28, 19, 11, 12, 4, 13, 3), (68, 78, 69, 61, 62, 52, 53, 44), (41, 51)]
25;[(20, 29, 28, 19, 11, 3, 13, 12, 4), (68, 60, 69, 70, 62, 53, 44, 43), (59, 49)]
25;[(20, 29, 28, 19, 11, 3, 4, 12, 13), (68, 69, 60, 70, 62, 52, 53, 44), (30, 39)]
26;[(19, 27, 28, 20, 11, 3, 12, 13, 4), (68, 69, 78, 70, 62, 52, 44, 53), (41, 49)]
26;[(19, 29, 30, 20, 11, 3, 12, 13, 4), (68, 78, 69, 70, 62, 52, 44, 53), (41, 49)]
27;[(18, 27, 28, 19, 11, 3, 12, 13, 4), (68, 69, 60, 61, 62, 53, 44, 43), (66, 56)]
27;[(18, 27, 28, 19, 11, 3, 12, 13, 4), (68, 69, 60, 61, 62, 53, 44, 52), (66, 56)]
27;[(19, 27, 28, 20, 11, 3, 12, 13, 4), (68, 69, 78, 70, 62, 53, 44, 52), (66, 56)]
27;[(19, 27, 28, 20, 11, 3, 12, 13, 4), (77, 69, 78, 70, 62, 53, 52, 44), (41, 49)]
27;[(19, 27, 28, 20, 11, 3, 12, 4, 13), (77, 69, 78, 70, 62, 53, 44, 52), (41, 49)]
27;[(19, 27, 28, 20, 11, 3, 13, 12, 4), (77, 69, 78, 70, 62, 52, 53, 44), (41, 49)]
27;[(19, 27, 28, 20, 11, 3, 13, 4, 12), (77, 69, 78, 70, 62, 52, 44, 53), (41, 49)]
27;[(19, 29, 28, 20, 11, 12, 13, 4, 3), (68, 69, 78, 70, 62, 53, 52, 44), (41, 49)]
27;[(19, 29, 28, 20, 11, 3, 12, 13, 4), (77, 69, 78, 70, 62, 52, 44, 53), (41, 49)]
27;[(20, 28, 29, 19, 11, 3, 12, 13, 4), (68, 69, 60, 70, 62, 53, 44, 52), (30, 40)]
27;[(20, 29, 28, 19, 11, 3, 12, 13, 4), (68, 69, 60, 70, 62, 53, 44, 52), (59, 49)]
27;[(20, 29, 28, 19, 11, 3, 4, 12, 13), (68, 69, 60, 70, 62, 52, 53, 44), (59, 49)]
28;[(19, 29, 28, 20, 11, 3, 12, 13, 4), (68, 60, 69, 70, 62, 53, 44, 52), (30, 40)]
28;[(19, 29, 28, 20, 11, 3, 12, 13, 4), (77, 78, 69, 70, 62, 52, 44, 53), (41, 49)]
28;[(19, 29, 30, 20, 11, 3, 12, 13, 4), (68, 69, 78, 70, 62, 53, 44, 52), (41, 49)]
28;[(20, 28, 29, 19, 11, 3, 12, 13, 4), (68, 69, 60, 61, 62, 53, 52, 44), (41, 51)]
28;[(20, 29, 28, 19, 11, 3, 12, 13, 4), (68, 60, 69, 70, 62, 53, 44, 52), (30, 40)]
28;[(20, 29, 28, 19, 11, 3, 12, 13, 4), (68, 69, 78, 70, 62, 53, 44, 43), (47, 39)]
28;[(20, 29, 28, 19, 11, 3, 12, 13, 4), (68, 69, 78, 70, 62, 53, 44, 52), (30, 40)]
28;[(20, 29, 28, 19, 11, 3, 13, 12, 4), (68, 60, 69, 70, 62, 53, 44, 52), (59, 49)]
29;[(18, 27, 28, 20, 11, 3, 12, 13, 4), (68, 69, 78, 70, 62, 52, 44, 53), (41, 49)]
29;[(18, 27, 28, 20, 11, 3, 12, 13, 4), (77, 78, 69, 70, 62, 53, 43, 44), (50, 49)]
29;[(19, 27, 28, 20, 11, 12, 13, 4, 3), (77, 78, 69, 70, 62, 53, 52, 44), (41, 40)]
29;[(19, 27, 28, 20, 11, 3, 12, 13, 4), (68, 78, 69, 61, 62, 52, 44, 53), (41, 49)]
29;[(19, 29, 30, 20, 11, 3, 12, 13, 4), (77, 69, 78, 70, 62, 52, 44, 53), (41, 49)]
29;[(20, 29, 28, 19, 11, 12, 13, 4, 3), (77, 78, 69, 61, 62, 53, 52, 44), (41, 51)]
29;[(20, 29, 28, 19, 11, 12, 4, 13, 3), (77, 78, 69, 61, 62, 52, 53, 44), (41, 51)]
30;[(18, 27, 28, 20, 11, 3, 12, 13, 4), (68, 69, 78, 70, 62, 53, 44, 52), (66, 56)]
30;[(18, 27, 28, 20, 11, 3, 12, 13, 4), (68, 78, 69, 70, 62, 52, 53, 44), (41, 49)]
30;[(19, 27, 28, 20, 11, 3, 12, 13, 4), (68, 78, 69, 70, 62, 52, 53, 44), (41, 49)]
30;[(19, 27, 28, 20, 11, 3, 12, 13, 4), (77, 78, 69, 70, 62, 52, 44, 53), (41, 49)]
30;[(19, 29, 28, 20, 11, 12, 13, 4, 3), (68, 60, 69, 70, 62, 53, 52, 44), (41, 51)]
30;[(19, 29, 28, 20, 11, 3, 12, 13, 4), (68, 60, 69, 70, 62, 52, 53, 44), (41, 51)]
30;[(19, 29, 28, 20, 11, 3, 12, 13, 4), (68, 78, 69, 70, 62, 52, 53, 44), (64, 54)]
30;[(19, 29, 28, 20, 11, 3, 12, 13, 4), (68, 78, 69, 70, 62, 53, 44, 43), (66, 56)]
30;[(19, 29, 28, 20, 11, 3, 12, 13, 4), (77, 78, 69, 70, 62, 53, 44, 52), (64, 54)]
30;[(19, 29, 30, 20, 11, 3, 12, 13, 4), (68, 69, 78, 70, 62, 52, 44, 53), (41, 49)]
30;[(20, 28, 29, 19, 11, 3, 12, 13, 4), (68, 69, 78, 70, 62, 53, 44, 43), (50, 42)]
30;[(20, 28, 29, 19, 11, 3, 12, 13, 4), (68, 69, 78, 70, 62, 53, 44, 52), (41, 51)]
30;[(20, 29, 28, 19, 11, 3, 12, 13, 4), (68, 78, 69, 70, 62, 53, 44, 43), (47, 39)]
30;[(20, 30, 29, 19, 11, 3, 12, 13, 4), (68, 69, 60, 70, 62, 53, 44, 52), (41, 49)]
31;[(18, 27, 28, 20, 11, 12, 13, 4, 3), (77, 78, 69, 70, 62, 53, 52, 44), (41, 40)]
31;[(19, 29, 28, 20, 11, 3, 12, 13, 4), (68, 69, 60, 70, 62, 53, 44, 52), (30, 40)]
31;[(19, 29, 28, 20, 11, 3, 12, 13, 4), (68, 69, 60, 70, 62, 53, 44, 52), (59, 49)]
31;[(19, 29, 28, 20, 11, 3, 12, 13, 4), (77, 78, 79, 69, 61, 52, 53, 43), (41, 49)]
31;[(19, 29, 30, 20, 11, 12, 13, 4, 3), (77, 78, 69, 70, 62, 53, 52, 44), (41, 40)]
31;[(19, 29, 30, 20, 11, 3, 12, 13, 4), (68, 69, 78, 70, 62, 53, 43, 44), (50, 49)]
31;[(20, 29, 28, 19, 11, 3, 13, 12, 4), (77, 69, 78, 70, 62, 53, 44, 43), (50, 58)]
31;[(20, 29, 28, 19, 11, 3, 13, 12, 4), (77, 78, 79, 69, 61, 53, 52, 43), (41, 49)]
32;[(18, 27, 28, 19, 11, 12, 13, 4, 3), (68, 78, 69, 61, 62, 53, 43, 44), (50, 40)]
32;[(18, 27, 28, 20, 11, 3, 12, 13, 4), (68, 69, 60, 70, 62, 52, 44, 53), (41, 49)]
32;[(19, 29, 28, 20, 11, 12, 13, 3, 4), (77, 78, 69, 70, 62, 53, 44, 43), (50, 40)]
32;[(19, 29, 28, 20, 11, 12, 13, 4, 3), (77, 78, 69, 70, 62, 53, 43, 44), (50, 40)]
32;[(19, 29, 28, 20, 11, 3, 12, 13, 4), (68, 60, 69, 61, 62, 52, 53, 44), (41, 51)]
32;[(19, 29, 28, 20, 11, 3, 12, 13, 4), (68, 60, 69, 70, 62, 53, 44, 52), (64, 72)]
32;[(19, 29, 28, 20, 11, 3, 12, 13, 4), (68, 78, 69, 70, 62, 53, 44, 52), (30, 40)]
32;[(20, 29, 28, 19, 11, 3, 12, 13, 4), (68, 60, 69, 70, 62, 53, 44, 52), (64, 72)]
32;[(20, 29, 28, 19, 11, 3, 12, 13, 4), (68, 78, 69, 70, 62, 53, 44, 52), (30, 40)]
32;[(20, 29, 28, 19, 11, 3, 4, 12, 13), (68, 69, 78, 70, 62, 52, 53, 44), (30, 39)]
32;[(20, 29, 28, 19, 11, 3, 4, 14, 24), (77, 69, 78, 70, 62, 52, 44, 43), (32, 40)]
33;[(18, 27, 28, 19, 11, 3, 12, 13, 4), (77, 69, 78, 70, 62, 52, 44, 53), (41, 49)]
33;[(18, 27, 28, 19, 11, 3, 12, 13, 4), (77, 78, 69, 70, 62, 53, 44, 43), (50, 42)]
33;[(18, 27, 28, 20, 11, 3, 12, 13, 4), (68, 78, 69, 61, 62, 52, 44, 53), (41, 49)]
33;[(18, 27, 28, 20, 11, 3, 12, 13, 4), (68, 78, 69, 70, 62, 53, 43, 44), (50, 49)]
33;[(18, 27, 28, 20, 11, 3, 12, 13, 4), (77, 69, 78, 70, 62, 52, 44, 53), (41, 49)]
33;[(19, 27, 28, 20, 11, 12, 13, 4, 3), (77, 78, 69, 61, 62, 53, 43, 44), (50, 40)]
33;[(19, 29, 30, 20, 11, 12, 13, 4, 3), (68, 69, 78, 70, 62, 53, 52, 44), (41, 40)]
33;[(19, 29, 30, 20, 11, 12, 13, 4, 3), (68, 78, 69, 70, 62, 53, 52, 44), (41, 40)]
33;[(19, 29, 30, 20, 11, 12, 4, 13, 3), (68, 69, 78, 70, 62, 52, 53, 44), (41, 40)]
33;[(19, 29, 30, 20, 11, 3, 12, 13, 4), (68, 69, 78, 70, 62, 52, 53, 44), (41, 49)]
33;[(20, 29, 28, 19, 11, 3, 12, 13, 4), (68, 69, 60, 70, 62, 53, 44, 52), (30, 40)]
34;[(18, 27, 28, 19, 11, 12, 13, 3, 4), (77, 78, 69, 61, 62, 53, 44, 43), (50, 40)]
34;[(18, 27, 28, 19, 11, 12, 13, 4, 3), (77, 78, 69, 61, 62, 53, 43, 44), (50, 40)]
34;[(18, 27, 28, 20, 11, 3, 12, 13, 4), (77, 78, 69, 70, 62, 53, 52, 44), (41, 49)]
34;[(18, 27, 28, 20, 11, 3, 13, 12, 4), (77, 78, 69, 70, 62, 52, 53, 44), (41, 49)]
34;[(20, 29, 28, 19, 11, 3, 12, 13, 4), (77, 69, 78, 70, 62, 53, 44, 43), (47, 39)]
35;[(19, 27, 28, 20, 11, 3, 12, 13, 4), (77, 78, 69, 70, 62, 53, 43, 44), (50, 49)]
35;[(19, 29, 28, 20, 11, 3, 12, 13, 4), (68, 78, 69, 70, 62, 53, 44, 52), (66, 56)]
35;[(20, 28, 27, 19, 11, 3, 12, 13, 4), (77, 69, 78, 70, 62, 53, 52, 44), (41, 49)]
35;[(20, 29, 28, 19, 11, 3, 12, 13, 4), (68, 60, 69, 70, 62, 53, 44, 43), (64, 72)]
35;[(20, 29, 28, 19, 11, 3, 12, 13, 4), (68, 69, 60, 61, 62, 53, 52, 44), (41, 51)]
35;[(20, 29, 28, 19, 11, 3, 12, 4, 13), (68, 69, 60, 61, 62, 53, 44, 52), (41, 51)]
35;[(20, 29, 28, 19, 11, 3, 13, 12, 4), (68, 69, 60, 61, 62, 52, 53, 44), (41, 51)]
35;[(20, 29, 28, 19, 11, 3, 13, 12, 4), (68, 69, 78, 70, 61, 53, 52, 43), (41, 51)]
35;[(20, 29, 28, 19, 11, 3, 13, 4, 12), (68, 69, 60, 61, 62, 52, 44, 53), (41, 51)]
35;[(20, 29, 28, 19, 11, 3, 4, 12, 13), (68, 69, 78, 70, 61, 52, 43, 44), (50, 42)]
35;[(20, 29, 28, 19, 11, 3, 4, 14, 24), (68, 69, 78, 70, 62, 52, 44, 43), (32, 40)]
36;[(18, 27, 28, 19, 11, 3, 12, 13, 4), (68, 78, 69, 61, 62, 52, 44, 53), (41, 49)]
36;[(19, 27, 28, 20, 11, 3, 12, 13, 4), (77, 78, 69, 70, 62, 52, 53, 44), (41, 49)]
36;[(19, 29, 28, 20, 11, 3, 12, 13, 4), (68, 69, 78, 70, 61, 52, 53, 43), (41, 51)]
36;[(20, 29, 28, 19, 11, 3, 12, 13, 4), (77, 69, 78, 70, 62, 53, 44, 43), (38, 39)]
37;[(18, 27, 28, 19, 11, 3, 12, 13, 4), (77, 69, 78, 70, 62, 53, 44, 43), (50, 42)]
37;[(18, 27, 28, 19, 11, 3, 12, 13, 4), (77, 69, 78, 70, 62, 53, 44, 52), (41, 51)]
37;[(18, 27, 28, 19, 11, 3, 12, 13, 4), (77, 78, 69, 61, 62, 52, 44, 53), (41, 49)]
37;[(18, 28, 27, 19, 11, 3, 12, 13, 4), (77, 69, 78, 70, 62, 53, 44, 43), (50, 42)]
37;[(18, 28, 29, 20, 11, 3, 12, 13, 4), (68, 69, 78, 70, 62, 53, 44, 52), (30, 40)]
37;[(19, 27, 28, 20, 11, 3, 12, 13, 4), (68, 69, 60, 70, 62, 52, 44, 53), (41, 49)]
37;[(20, 29, 28, 19, 11, 3, 12, 13, 4), (77, 78, 69, 70, 62, 53, 44, 43), (47, 39)]
37;[(20, 29, 28, 19, 11, 3, 12, 4, 13), (77, 78, 79, 69, 61, 53, 43, 52), (41, 49)]
37;[(20, 29, 28, 19, 11, 3, 13, 12, 4), (68, 78, 70, 69, 61, 53, 52, 43), (41, 49)]
37;[(20, 29, 28, 19, 11, 3, 4, 12, 13), (77, 69, 78, 70, 62, 52, 53, 44), (30, 39)]
38;[(18, 27, 28, 19, 11, 3, 12, 13, 4), (68, 78, 69, 70, 62, 53, 43, 44), (50, 49)]
38;[(18, 27, 28, 20, 11, 3, 12, 13, 4), (77, 69, 78, 70, 62, 52, 53, 44), (41, 49)]
38;[(19, 28, 29, 20, 11, 3, 12, 13, 4), (68, 69, 60, 61, 62, 53, 44, 52), (59, 49)]
38;[(19, 29, 28, 20, 11, 12, 13, 3, 4), (77, 78, 69, 61, 62, 53, 44, 52), (41, 51)]
38;[(19, 29, 28, 20, 11, 12, 13, 4, 3), (77, 78, 69, 61, 62, 53, 52, 44), (41, 51)]
38;[(19, 29, 28, 20, 11, 12, 4, 13, 3), (77, 78, 69, 61, 62, 52, 53, 44), (41, 51)]
38;[(19, 29, 28, 20, 11, 3, 12, 13, 4), (68, 69, 60, 61, 62, 53, 44, 52), (59, 49)]
38;[(19, 29, 28, 20, 11, 3, 12, 13, 4), (77, 78, 69, 61, 62, 53, 52, 44), (41, 51)]
38;[(19, 29, 30, 20, 11, 12, 13, 4, 3), (77, 69, 78, 70, 62, 53, 52, 44), (41, 40)]
38;[(19, 29, 30, 20, 11, 12, 4, 13, 3), (77, 69, 78, 70, 62, 52, 53, 44), (41, 40)]
38;[(19, 29, 30, 20, 11, 3, 12, 13, 4), (68, 78, 69, 70, 62, 53, 44, 43), (50, 42)]
38;[(20, 29, 28, 19, 11, 3, 12, 13, 4), (68, 69, 60, 70, 62, 53, 44, 52), (30, 39)]
38;[(20, 29, 28, 19, 11, 3, 12, 13, 4), (68, 69, 60, 70, 62, 53, 44, 52), (31, 39)]
38;[(20, 29, 28, 19, 11, 3, 4, 12, 13), (68, 69, 78, 70, 62, 52, 53, 44), (32, 40)]
39;[(18, 27, 28, 19, 11, 12, 13, 4, 3), (68, 69, 78, 70, 62, 53, 52, 44), (41, 51)]
39;[(18, 27, 28, 19, 11, 3, 12, 13, 4), (68, 60, 69, 70, 62, 53, 44, 52), (64, 74)]
39;[(18, 27, 28, 19, 11, 3, 12, 13, 4), (68, 69, 60, 70, 62, 52, 53, 44), (66, 56)]
39;[(18, 27, 28, 19, 11, 3, 12, 13, 4), (68, 69, 78, 70, 62, 53, 52, 44), (41, 51)]
39;[(18, 27, 28, 19, 11, 3, 12, 4, 13), (68, 69, 78, 70, 62, 53, 44, 52), (41, 51)]
39;[(18, 27, 28, 19, 11, 3, 13, 4, 12), (68, 69, 78, 70, 62, 52, 44, 53), (41, 51)]
39;[(19, 28, 29, 20, 11, 3, 12, 13, 4), (68, 69, 60, 70, 62, 53, 44, 43), (30, 40)]
39;[(19, 29, 28, 20, 11, 12, 13, 3, 4), (68, 69, 60, 61, 62, 53, 44, 52), (41, 51)]
39;[(19, 29, 28, 20, 11, 12, 13, 3, 4), (77, 69, 79, 70, 62, 53, 44, 52), (41, 51)]
39;[(19, 29, 28, 20, 11, 12, 13, 4, 3), (68, 69, 60, 61, 62, 53, 52, 44), (41, 51)]
39;[(19, 29, 28, 20, 11, 12, 13, 4, 3), (77, 69, 79, 70, 62, 53, 52, 44), (41, 51)]
39;[(19, 29, 28, 20, 11, 12, 4, 13, 3), (68, 69, 60, 61, 62, 52, 53, 44), (41, 51)]
39;[(19, 29, 28, 20, 11, 12, 4, 13, 3), (77, 69, 79, 70, 62, 52, 53, 44), (41, 51)]
39;[(19, 29, 28, 20, 11, 3, 12, 13, 4), (77, 78, 69, 70, 62, 52, 53, 44), (64, 54)]
39;[(20, 29, 28, 19, 11, 12, 13, 3, 4), (77, 69, 79, 70, 62, 53, 44, 52), (41, 51)]
39;[(20, 29, 28, 19, 11, 12, 13, 4, 3), (77, 69, 79, 70, 62, 53, 52, 44), (41, 51)]
39;[(20, 29, 28, 19, 11, 12, 4, 13, 3), (77, 69, 79, 70, 62, 52, 53, 44), (41, 51)]
39;[(20, 29, 28, 19, 11, 3, 12, 13, 4), (68, 60, 69, 61, 62, 53, 44, 52), (41, 51)]
40;[(18, 27, 28, 20, 11, 12, 13, 3, 4), (77, 78, 69, 61, 62, 53, 44, 43), (50, 40)]
40;[(18, 27, 28, 20, 11, 12, 13, 4, 3), (77, 78, 69, 61, 62, 53, 43, 44), (50, 40)]
40;[(18, 28, 27, 19, 11, 3, 12, 13, 4), (68, 69, 78, 70, 62, 53, 52, 44), (41, 51)]
40;[(19, 27, 28, 20, 11, 3, 12, 13, 4), (77, 69, 78, 70, 62, 52, 53, 44), (41, 49)]
40;[(19, 27, 28, 20, 11, 3, 12, 13, 4), (77, 78, 69, 70, 62, 53, 52, 44), (41, 49)]
40;[(19, 27, 28, 20, 11, 3, 13, 12, 4), (77, 78, 69, 70, 62, 52, 53, 44), (41, 49)]
40;[(19, 28, 29, 20, 11, 3, 12, 13, 4), (68, 69, 60, 70, 62, 53, 44, 43), (50, 42)]
40;[(19, 29, 28, 20, 11, 12, 13, 3, 4), (77, 69, 78, 70, 62, 53, 44, 43), (50, 40)]
40;[(19, 29, 28, 20, 11, 3, 12, 13, 4), (68, 69, 78, 70, 62, 53, 44, 52), (59, 49)]
40;[(19, 29, 28, 20, 11, 3, 12, 13, 4), (68, 78, 69, 70, 61, 52, 53, 43), (41, 51)]
40;[(19, 29, 30, 20, 11, 3, 12, 13, 4), (77, 69, 78, 70, 62, 53, 43, 44), (50, 49)]
40;[(20, 28, 29, 19, 11, 3, 12, 13, 4), (68, 69, 60, 70, 62, 53, 52, 44), (41, 51)]
41;[(18, 28, 29, 19, 11, 3, 12, 13, 4), (68, 69, 78, 70, 62, 53, 44, 52), (30, 40)]
41;[(18, 28, 29, 20, 11, 3, 12, 13, 4), (68, 69, 60, 70, 62, 53, 44, 52), (30, 40)]
41;[(19, 28, 29, 20, 11, 3, 12, 13, 4), (68, 69, 78, 70, 62, 53, 44, 43), (30, 40)]
41;[(19, 29, 30, 20, 11, 3, 12, 13, 4), (68, 69, 78, 70, 62, 53, 44, 52), (32, 40)]
42;[(18, 27, 28, 19, 11, 3, 12, 13, 4), (77, 69, 78, 70, 62, 53, 43, 44), (50, 49)]
42;[(18, 27, 28, 20, 11, 3, 12, 13, 4), (68, 69, 60, 70, 62, 53, 44, 52), (66, 56)]
42;[(18, 27, 28, 20, 11, 3, 12, 13, 4), (77, 78, 69, 70, 62, 52, 44, 53), (41, 49)]
42;[(18, 27, 28, 20, 11, 3, 12, 13, 4), (77, 78, 69, 70, 62, 52, 53, 44), (41, 49)]
42;[(18, 28, 27, 19, 11, 3, 12, 13, 4), (68, 69, 78, 70, 62, 53, 44, 43), (50, 42)]
42;[(18, 28, 27, 19, 11, 3, 12, 13, 4), (68, 69, 78, 70, 62, 53, 44, 52), (41, 51)]
42;[(19, 29, 28, 20, 11, 12, 13, 3, 4), (77, 69, 60, 70, 62, 53, 44, 52), (41, 51)]
42;[(19, 29, 28, 20, 11, 12, 13, 3, 4), (77, 78, 79, 70, 62, 53, 44, 52), (41, 51)]
42;[(19, 29, 28, 20, 11, 12, 13, 4, 3), (77, 69, 60, 70, 62, 53, 52, 44), (41, 51)]
42;[(19, 29, 28, 20, 11, 12, 13, 4, 3), (77, 78, 79, 70, 62, 53, 52, 44), (41, 51)]
42;[(19, 29, 28, 20, 11, 12, 4, 13, 3), (77, 69, 60, 70, 62, 52, 53, 44), (41, 51)]
42;[(19, 29, 28, 20, 11, 12, 4, 13, 3), (77, 78, 79, 70, 62, 52, 53, 44), (41, 51)]
42;[(20, 29, 28, 19, 11, 12, 13, 3, 4), (77, 78, 79, 70, 62, 53, 44, 52), (41, 51)]
42;[(20, 29, 28, 19, 11, 12, 13, 4, 3), (77, 78, 79, 70, 62, 53, 52, 44), (41, 51)]
42;[(20, 29, 28, 19, 11, 12, 4, 13, 3), (77, 78, 79, 70, 62, 52, 53, 44), (41, 51)]
42;[(20, 29, 28, 19, 11, 3, 4, 12, 13), (68, 69, 60, 61, 62, 52, 53, 44), (31, 39)]
42;[(20, 29, 28, 19, 11, 3, 4, 12, 13), (77, 69, 78, 70, 62, 52, 53, 44), (38, 39)]
43;[(18, 27, 28, 19, 11, 12, 13, 4, 3), (77, 78, 69, 70, 62, 53, 52, 44), (41, 51)]
43;[(18, 27, 28, 19, 11, 3, 12, 13, 4), (77, 78, 69, 70, 62, 53, 52, 44), (41, 51)]
43;[(18, 27, 28, 19, 11, 3, 13, 12, 4), (77, 78, 69, 70, 62, 52, 53, 44), (41, 51)]
43;[(19, 29, 30, 20, 11, 3, 12, 13, 4), (68, 69, 78, 70, 62, 53, 44, 43), (50, 42)]
43;[(20, 29, 28, 19, 11, 3, 12, 13, 4), (68, 69, 78, 70, 62, 53, 44, 43), (38, 39)]
44;[(18, 27, 28, 19, 11, 3, 12, 13, 4), (68, 78, 69, 70, 62, 52, 53, 44), (64, 56)]
44;[(18, 27, 28, 20, 11, 12, 13, 3, 4), (68, 69, 60, 70, 62, 53, 44, 43), (50, 40)]
44;[(18, 27, 28, 20, 11, 3, 12, 13, 4), (68, 78, 69, 70, 62, 53, 44, 52), (64, 56)]
44;[(19, 27, 28, 20, 11, 12, 13, 4, 3), (68, 78, 69, 61, 62, 53, 43, 44), (50, 40)]
44;[(19, 27, 28, 20, 11, 3, 12, 13, 4), (77, 78, 69, 61, 62, 52, 44, 53), (41, 49)]
44;[(19, 29, 30, 20, 11, 3, 12, 13, 4), (77, 69, 78, 70, 62, 53, 44, 43), (50, 42)]
44;[(20, 29, 28, 19, 11, 12, 13, 3, 4), (68, 69, 60, 70, 62, 53, 44, 52), (41, 51)]
44;[(20, 29, 28, 19, 11, 12, 13, 4, 3), (68, 69, 60, 70, 62, 53, 52, 44), (41, 51)]
44;[(20, 29, 28, 19, 11, 12, 4, 13, 3), (68, 69, 60, 70, 62, 52, 53, 44), (41, 51)]
44;[(20, 29, 28, 19, 11, 3, 12, 13, 4), (77, 69, 60, 70, 62, 53, 44, 52), (30, 40)]
44;[(20, 29, 28, 19, 11, 3, 13, 12, 4), (68, 69, 60, 70, 62, 53, 52, 44), (41, 51)]
44;[(20, 29, 28, 19, 11, 3, 4, 12, 13), (68, 69, 60, 70, 62, 53, 43, 44), (50, 42)]
44;[(20, 29, 28, 19, 11, 3, 4, 12, 13), (68, 69, 78, 70, 62, 52, 53, 44), (38, 39)]
45;[(18, 27, 28, 19, 11, 3, 12, 13, 4), (68, 69, 78, 70, 62, 53, 44, 43), (50, 42)]
45;[(18, 27, 28, 19, 11, 3, 12, 13, 4), (68, 69, 78, 70, 62, 53, 44, 52), (41, 51)]
45;[(18, 27, 28, 20, 11, 12, 13, 4, 3), (68, 78, 69, 61, 62, 53, 43, 44), (50, 40)]
45;[(19, 29, 28, 20, 11, 12, 13, 3, 4), (68, 78, 69, 70, 62, 53, 44, 43), (50, 42)]
45;[(19, 29, 28, 20, 11, 12, 13, 4, 3), (68, 78, 69, 70, 62, 53, 43, 44), (50, 42)]
45;[(19, 29, 28, 20, 11, 3, 12, 13, 4), (68, 78, 69, 70, 62, 53, 43, 44), (50, 42)]
45;[(19, 29, 30, 20, 11, 3, 12, 13, 4), (68, 78, 69, 70, 62, 52, 53, 44), (41, 49)]
46;[(18, 27, 28, 19, 11, 3, 12, 13, 4), (68, 78, 69, 70, 62, 53, 44, 43), (50, 42)]
46;[(18, 27, 28, 20, 11, 3, 12, 13, 4), (68, 78, 69, 61, 62, 52, 53, 44), (41, 49)]
46;[(19, 29, 28, 20, 11, 3, 12, 13, 4), (68, 69, 60, 61, 62, 52, 53, 44), (41, 51)]
46;[(20, 29, 28, 19, 11, 3, 12, 13, 4), (68, 69, 60, 70, 62, 53, 52, 44), (41, 51)]
46;[(20, 29, 28, 19, 11, 3, 12, 13, 4), (77, 69, 78, 70, 62, 53, 44, 52), (30, 40)]
46;[(20, 29, 28, 19, 11, 3, 12, 4, 13), (68, 69, 60, 70, 62, 53, 44, 52), (41, 51)]
46;[(20, 29, 28, 19, 11, 3, 13, 12, 4), (68, 69, 60, 70, 62, 52, 53, 44), (41, 51)]
46;[(20, 29, 28, 19, 11, 3, 13, 4, 12), (68, 69, 60, 70, 62, 52, 44, 53), (41, 51)]
46;[(20, 29, 28, 19, 11, 3, 4, 12, 13), (77, 69, 78, 70, 62, 52, 53, 44), (31, 39)]
47;[(18, 27, 28, 19, 11, 3, 12, 13, 4), (68, 69, 79, 70, 62, 53, 44, 52), (66, 56)]
47;[(19, 27, 28, 20, 11, 3, 12, 13, 4), (68, 78, 69, 70, 62, 53, 43, 44), (50, 49)]
47;[(19, 28, 29, 20, 11, 3, 12, 13, 4), (68, 69, 60, 61, 62, 53, 44, 52), (41, 51)]
47;[(19, 29, 28, 20, 11, 3, 12, 13, 4), (68, 78, 69, 61, 62, 52, 44, 53), (41, 49)]
47;[(20, 28, 29, 19, 11, 3, 12, 13, 4), (68, 69, 60, 70, 62, 53, 44, 52), (30, 39)]
47;[(20, 28, 29, 19, 11, 3, 12, 13, 4), (68, 78, 70, 69, 61, 53, 52, 43), (41, 49)]
47;[(20, 28, 29, 19, 11, 3, 12, 13, 4), (77, 69, 60, 70, 62, 53, 44, 52), (30, 40)]
47;[(20, 29, 28, 19, 11, 12, 13, 3, 4), (77, 69, 60, 70, 62, 53, 44, 52), (41, 51)]
47;[(20, 29, 28, 19, 11, 12, 13, 4, 3), (77, 69, 60, 70, 62, 53, 52, 44), (41, 51)]
47;[(20, 29, 28, 19, 11, 12, 4, 13, 3), (77, 69, 60, 70, 62, 52, 53, 44), (41, 51)]
47;[(20, 29, 28, 19, 11, 3, 12, 13, 4), (68, 69, 60, 70, 62, 53, 44, 43), (64, 72)]
47;[(20, 29, 28, 19, 11, 3, 12, 13, 4), (68, 69, 78, 70, 62, 53, 44, 52), (59, 49)]
47;[(20, 29, 28, 19, 11, 3, 12, 13, 4), (77, 78, 69, 70, 62, 53, 44, 52), (30, 40)]
47;[(20, 29, 28, 19, 11, 3, 4, 12, 13), (68, 69, 78, 70, 62, 52, 53, 44), (59, 49)]
48;[(18, 27, 28, 19, 11, 12, 13, 4, 3), (68, 78, 69, 70, 62, 53, 52, 44), (41, 51)]
48;[(18, 27, 28, 19, 11, 3, 12, 13, 4), (68, 78, 69, 70, 62, 53, 52, 44), (41, 51)]
48;[(18, 27, 28, 19, 11, 3, 13, 12, 4), (68, 78, 69, 70, 62, 52, 53, 44), (41, 51)]
48;[(18, 27, 28, 20, 11, 12, 13, 4, 3), (68, 69, 78, 70, 62, 53, 52, 44), (41, 40)]
48;[(18, 27, 28, 20, 11, 12, 13, 4, 3), (77, 69, 78, 70, 62, 53, 52, 44), (41, 40)]
48;[(18, 27, 28, 20, 11, 12, 4, 13, 3), (77, 69, 78, 70, 62, 52, 53, 44), (41, 40)]
48;[(18, 27, 28, 20, 11, 3, 12, 13, 4), (68, 60, 69, 70, 62, 53, 44, 43), (29, 37)]
48;[(18, 28, 29, 19, 11, 3, 12, 13, 4), (68, 69, 60, 70, 62, 53, 44, 52), (30, 40)]
48;[(19, 27, 28, 20, 11, 12, 13, 3, 4), (68, 69, 60, 70, 62, 53, 44, 43), (50, 40)]
48;[(19, 29, 28, 20, 11, 12, 13, 3, 4), (68, 78, 69, 70, 62, 53, 44, 43), (50, 40)]
48;[(19, 29, 28, 20, 11, 12, 13, 4, 3), (68, 78, 69, 70, 62, 53, 43, 44), (50, 40)]
48;[(19, 29, 28, 20, 11, 12, 13, 4, 3), (77, 78, 69, 61, 62, 53, 43, 44), (50, 40)]
48;[(20, 28, 29, 19, 11, 3, 12, 13, 4), (59, 69, 60, 61, 62, 53, 52, 44), (41, 51)]
48;[(20, 29, 28, 19, 11, 12, 13, 3, 4), (68, 69, 78, 70, 62, 53, 44, 52), (41, 49)]
48;[(20, 29, 28, 19, 11, 12, 13, 4, 3), (68, 69, 78, 70, 62, 53, 52, 44), (41, 49)]
48;[(20, 29, 28, 19, 11, 12, 4, 13, 3), (68, 69, 78, 70, 62, 52, 53, 44), (41, 49)]
49;[(18, 28, 29, 19, 11, 3, 12, 13, 4), (77, 69, 78, 70, 62, 53, 52, 44), (41, 49)]
49;[(19, 29, 28, 20, 11, 12, 13, 4, 3), (68, 60, 69, 70, 62, 53, 43, 44), (59, 49)]
49;[(19, 29, 28, 20, 11, 3, 12, 13, 4), (68, 78, 69, 61, 62, 52, 53, 44), (41, 51)]
49;[(20, 28, 29, 19, 11, 3, 12, 13, 4), (68, 69, 60, 70, 62, 53, 44, 43), (30, 40)]
49;[(20, 28, 29, 19, 11, 3, 12, 13, 4), (77, 78, 79, 70, 61, 53, 52, 44), (41, 49)]
49;[(20, 29, 28, 19, 11, 3, 13, 12, 4), (77, 78, 79, 70, 60, 52, 53, 43), (41, 49)]
49;[(20, 29, 28, 19, 11, 3, 13, 12, 4), (77, 78, 79, 70, 61, 53, 52, 44), (41, 49)]
49;[(20, 29, 28, 19, 11, 3, 4, 12, 13), (68, 78, 69, 61, 62, 53, 43, 44), (50, 42)]
49;[(20, 29, 28, 19, 11, 3, 4, 12, 13), (77, 78, 79, 70, 61, 53, 43, 44), (50, 40)]
50;[(18, 27, 28, 20, 11, 3, 12, 13, 4), (68, 69, 78, 70, 62, 53, 44, 43), (66, 56)]
50;[(18, 27, 28, 20, 11, 3, 12, 13, 4), (77, 69, 78, 70, 62, 53, 43, 44), (50, 49)]
50;[(18, 28, 29, 20, 11, 3, 12, 13, 4), (77, 69, 78, 70, 62, 53, 52, 44), (41, 49)]
50;[(19, 29, 28, 20, 11, 3, 12, 13, 4), (68, 69, 79, 70, 60, 52, 53, 43), (41, 49)]
50;[(19, 29, 28, 20, 11, 3, 12, 13, 4), (77, 78, 69, 61, 62, 52, 44, 53), (41, 49)]
50;[(19, 29, 28, 20, 11, 3, 12, 13, 4), (77, 78, 79, 70, 60, 52, 53, 43), (41, 49)]
50;[(19, 29, 30, 20, 11, 3, 12, 13, 4), (68, 78, 69, 70, 62, 53, 44, 43), (50, 58)]
50;[(20, 28, 29, 19, 11, 3, 12, 13, 4), (68, 69, 60, 70, 62, 52, 53, 44), (41, 51)]
50;[(20, 28, 29, 19, 11, 3, 12, 13, 4), (68, 78, 79, 70, 61, 53, 52, 44), (41, 49)]
50;[(20, 29, 28, 19, 11, 3, 12, 13, 4), (68, 60, 69, 70, 62, 53, 44, 43), (30, 40)]
50;[(20, 29, 28, 19, 11, 3, 12, 13, 4), (68, 69, 78, 70, 62, 53, 44, 52), (38, 48)]
51;[(19, 27, 28, 20, 11, 3, 12, 13, 4), (68, 69, 78, 70, 62, 52, 53, 44), (41, 49)]
51;[(19, 29, 28, 20, 11, 12, 13, 3, 4), (68, 78, 69, 70, 62, 53, 44, 52), (41, 49)]
51;[(19, 29, 28, 20, 11, 12, 13, 4, 3), (68, 78, 69, 70, 62, 53, 52, 44), (41, 49)]
51;[(19, 29, 28, 20, 11, 12, 4, 13, 3), (68, 78, 69, 70, 62, 52, 53, 44), (41, 49)]
51;[(19, 29, 28, 20, 11, 3, 12, 13, 4), (68, 69, 78, 70, 62, 53, 44, 43), (66, 56)]
51;[(20, 29, 28, 19, 11, 12, 13, 4, 3), (68, 78, 69, 70, 62, 53, 52, 44), (41, 49)]
51;[(20, 29, 28, 19, 11, 12, 4, 13, 3), (68, 78, 69, 70, 62, 52, 53, 44), (41, 49)]
51;[(20, 29, 28, 19, 11, 3, 12, 13, 4), (68, 69, 60, 70, 62, 53, 44, 43), (30, 40)]
52;[(18, 27, 28, 19, 11, 12, 13, 3, 4), (68, 69, 78, 70, 62, 53, 44, 43), (50, 42)]
52;[(18, 27, 28, 19, 11, 3, 12, 13, 4), (68, 69, 78, 70, 62, 53, 43, 44), (50, 42)]
52;[(18, 27, 28, 20, 11, 3, 12, 13, 4), (68, 69, 78, 70, 62, 53, 43, 44), (50, 49)]
52;[(19, 27, 28, 20, 11, 3, 12, 13, 4), (68, 78, 69, 61, 62, 52, 53, 44), (41, 49)]
52;[(19, 29, 28, 20, 11, 3, 12, 13, 4), (68, 69, 61, 70, 60, 52, 53, 43), (41, 49)]
52;[(19, 29, 28, 20, 11, 3, 12, 13, 4), (68, 69, 78, 70, 62, 53, 44, 52), (66, 56)]
52;[(19, 29, 28, 20, 11, 3, 12, 13, 4), (68, 78, 70, 69, 61, 52, 53, 43), (41, 49)]
52;[(19, 29, 28, 20, 11, 3, 12, 13, 4), (68, 78, 79, 70, 61, 52, 53, 44), (41, 49)]
52;[(19, 29, 28, 20, 21, 12, 13, 4, 3), (68, 78, 69, 70, 62, 53, 43, 44), (50, 40)]
53;[(19, 27, 28, 20, 11, 3, 12, 13, 4), (68, 69, 78, 70, 62, 53, 43, 44), (50, 49)]
53;[(19, 27, 28, 20, 11, 3, 12, 13, 4), (68, 78, 69, 70, 62, 53, 44, 52), (64, 56)]
53;[(19, 27, 28, 20, 11, 3, 12, 13, 4), (77, 69, 78, 70, 62, 53, 43, 44), (50, 49)]
53;[(19, 29, 28, 20, 11, 3, 12, 13, 4), (68, 78, 69, 61, 62, 53, 44, 43), (50, 42)]
53;[(20, 28, 29, 19, 11, 3, 12, 13, 4), (68, 69, 60, 61, 62, 53, 44, 43), (59, 49)]
53;[(20, 29, 28, 19, 11, 3, 12, 13, 4), (68, 78, 69, 61, 62, 53, 44, 43), (50, 42)]
53;[(20, 29, 28, 19, 11, 3, 12, 13, 4), (68, 78, 69, 61, 62, 53, 44, 52), (41, 51)]
53;[(20, 29, 28, 19, 11, 3, 12, 13, 4), (77, 78, 69, 70, 62, 53, 44, 43), (38, 39)]
53;[(20, 29, 28, 19, 11, 3, 13, 12, 4), (68, 78, 69, 61, 62, 53, 44, 52), (41, 51)]
54;[(18, 27, 28, 20, 11, 3, 12, 13, 4), (68, 69, 78, 70, 62, 52, 53, 44), (41, 49)]
54;[(18, 28, 27, 19, 11, 3, 12, 13, 4), (68, 69, 60, 61, 62, 53, 44, 52), (59, 49)]
54;[(19, 29, 28, 20, 11, 12, 13, 3, 4), (68, 69, 60, 70, 62, 53, 44, 52), (41, 49)]
54;[(19, 29, 28, 20, 11, 12, 13, 4, 3), (68, 69, 60, 70, 62, 53, 52, 44), (41, 49)]
54;[(19, 29, 28, 20, 11, 3, 12, 13, 4), (68, 78, 69, 70, 62, 53, 44, 43), (30, 40)]
54;[(20, 28, 29, 19, 11, 3, 12, 13, 4), (68, 69, 60, 61, 62, 52, 53, 44), (41, 51)]
54;[(20, 29, 28, 19, 11, 12, 13, 3, 4), (68, 69, 60, 61, 62, 53, 44, 52), (41, 51)]
54;[(20, 29, 28, 19, 11, 12, 13, 4, 3), (68, 69, 60, 61, 62, 53, 52, 44), (41, 51)]
54;[(20, 29, 28, 19, 11, 12, 4, 13, 3), (68, 69, 60, 61, 62, 52, 53, 44), (41, 51)]
54;[(20, 29, 28, 19, 11, 3, 12, 13, 4), (68, 78, 69, 70, 62, 53, 44, 43), (30, 40)]
54;[(20, 29, 28, 19, 11, 3, 4, 12, 13), (68, 69, 60, 70, 62, 52, 53, 44), (32, 40)]
55;[(18, 27, 28, 20, 11, 3, 12, 13, 4), (77, 78, 69, 61, 62, 52, 44, 53), (41, 49)]
55;[(19, 27, 28, 20, 11, 12, 13, 4, 3), (68, 69, 78, 70, 62, 53, 52, 44), (41, 40)]
55;[(19, 27, 28, 20, 11, 12, 13, 4, 3), (68, 78, 69, 70, 62, 53, 52, 44), (41, 40)]
55;[(19, 27, 28, 20, 11, 3, 12, 13, 4), (68, 69, 60, 61, 62, 53, 44, 52), (59, 49)]
55;[(19, 29, 28, 20, 11, 12, 13, 3, 4), (77, 69, 60, 61, 62, 53, 44, 52), (41, 51)]
55;[(19, 29, 28, 20, 11, 12, 13, 4, 3), (77, 69, 60, 61, 62, 53, 52, 44), (41, 51)]
55;[(19, 29, 28, 20, 11, 3, 12, 13, 4), (68, 69, 60, 70, 62, 53, 44, 43), (30, 40)]
55;[(19, 29, 28, 20, 11, 3, 12, 13, 4), (68, 78, 69, 70, 62, 53, 44, 52), (64, 55)]
55;[(20, 28, 29, 19, 11, 3, 12, 13, 4), (77, 69, 79, 70, 61, 53, 52, 44), (41, 49)]
55;[(20, 29, 28, 19, 11, 3, 12, 13, 4), (68, 78, 69, 70, 62, 53, 44, 43), (38, 39)]
55;[(20, 29, 28, 19, 11, 3, 12, 13, 4), (68, 78, 69, 70, 62, 53, 44, 52), (64, 55)]
55;[(20, 29, 28, 19, 11, 3, 13, 12, 4), (77, 69, 79, 70, 61, 53, 52, 44), (41, 49)]
55;[(20, 29, 28, 19, 11, 3, 4, 12, 13), (77, 69, 79, 70, 61, 53, 43, 44), (50, 40)]
56;[(19, 29, 28, 20, 11, 3, 12, 13, 4), (68, 69, 60, 70, 62, 53, 44, 43), (50, 42)]
56;[(19, 29, 28, 20, 11, 3, 12, 13, 4), (68, 69, 60, 70, 62, 53, 44, 52), (41, 51)]
56;[(20, 29, 28, 19, 11, 3, 12, 13, 4), (68, 69, 78, 70, 62, 53, 44, 52), (30, 39)]
56;[(20, 29, 28, 19, 11, 3, 12, 13, 4), (68, 69, 78, 70, 62, 53, 44, 52), (31, 39)]
56;[(20, 29, 28, 19, 11, 3, 13, 12, 4), (68, 69, 78, 70, 62, 53, 44, 43), (50, 58)]
57;[(18, 27, 28, 19, 11, 12, 13, 3, 4), (77, 69, 78, 70, 62, 53, 44, 52), (41, 51)]
57;[(18, 27, 28, 19, 11, 12, 13, 4, 3), (77, 69, 78, 70, 62, 53, 52, 44), (41, 51)]
57;[(18, 27, 28, 19, 11, 3, 12, 13, 4), (77, 69, 78, 70, 62, 53, 52, 44), (41, 51)]
57;[(18, 28, 27, 19, 11, 3, 12, 13, 4), (68, 69, 60, 70, 62, 53, 44, 52), (59, 49)]
57;[(18, 28, 27, 19, 11, 3, 12, 13, 4), (77, 69, 78, 70, 62, 53, 52, 44), (41, 51)]
57;[(19, 29, 28, 20, 11, 3, 12, 13, 4), (68, 69, 79, 70, 60, 52, 53, 44), (41, 49)]
57;[(19, 29, 28, 20, 11, 3, 12, 13, 4), (68, 78, 79, 70, 61, 53, 52, 44), (41, 49)]
57;[(19, 29, 28, 20, 11, 3, 12, 13, 4), (77, 78, 79, 70, 60, 52, 53, 44), (41, 49)]
57;[(19, 29, 28, 20, 11, 3, 12, 4, 13), (68, 78, 79, 70, 61, 53, 44, 52), (41, 49)]
57;[(19, 29, 28, 20, 11, 3, 13, 4, 12), (68, 78, 79, 70, 61, 52, 44, 53), (41, 49)]
57;[(19, 29, 30, 20, 11, 3, 12, 13, 4), (68, 69, 60, 70, 62, 53, 44, 52), (41, 49)]
57;[(20, 29, 28, 19, 11, 3, 12, 13, 4), (77, 78, 79, 70, 61, 53, 52, 44), (41, 49)]
57;[(20, 29, 28, 19, 11, 3, 12, 4, 13), (77, 78, 79, 70, 61, 53, 44, 52), (41, 49)]
57;[(20, 29, 28, 19, 11, 3, 13, 12, 4), (68, 69, 60, 61, 62, 53, 52, 44), (41, 51)]
57;[(20, 29, 28, 19, 11, 3, 13, 12, 4), (77, 78, 79, 70, 61, 52, 53, 44), (41, 49)]
57;[(20, 29, 28, 19, 11, 3, 4, 12, 13), (68, 69, 60, 61, 62, 53, 43, 44), (50, 42)]
58;[(18, 27, 28, 19, 11, 3, 12, 13, 4), (68, 69, 79, 70, 62, 53, 44, 43), (66, 56)]
58;[(19, 28, 29, 20, 11, 3, 12, 13, 4), (68, 69, 60, 70, 62, 53, 44, 52), (41, 51)]
58;[(19, 28, 29, 20, 11, 3, 12, 13, 4), (68, 78, 79, 70, 61, 53, 52, 44), (41, 49)]
58;[(19, 28, 29, 20, 11, 3, 12, 13, 4), (77, 69, 79, 70, 61, 53, 52, 44), (41, 49)]
58;[(19, 29, 28, 20, 11, 12, 13, 4, 3), (68, 60, 69, 70, 62, 53, 52, 44), (59, 49)]
58;[(19, 29, 28, 20, 11, 3, 12, 13, 4), (68, 69, 60, 61, 62, 53, 44, 52), (41, 51)]
58;[(19, 29, 28, 20, 11, 3, 12, 13, 4), (68, 69, 79, 70, 61, 52, 53, 44), (41, 49)]
58;[(19, 29, 28, 20, 11, 3, 12, 13, 4), (77, 69, 79, 70, 61, 52, 53, 44), (41, 49)]
58;[(20, 29, 28, 19, 11, 12, 4, 13, 3), (68, 60, 69, 61, 62, 52, 53, 43), (59, 49)]
58;[(20, 29, 28, 19, 11, 12, 4, 13, 3), (68, 60, 69, 70, 62, 52, 53, 44), (59, 49)]
58;[(20, 29, 28, 19, 11, 3, 12, 13, 4), (68, 69, 60, 70, 62, 53, 44, 52), (64, 72)]
58;[(20, 29, 28, 19, 11, 3, 4, 12, 13), (77, 69, 60, 70, 62, 52, 53, 44), (32, 40)]
59;[(18, 27, 28, 19, 11, 3, 12, 13, 4), (68, 69, 60, 70, 62, 52, 44, 53), (41, 49)]
59;[(19, 29, 28, 20, 11, 3, 12, 13, 4), (68, 69, 78, 70, 62, 53, 44, 43), (50, 58)]
59;[(19, 29, 28, 20, 11, 3, 13, 4, 12), (68, 69, 79, 70, 60, 52, 43, 53), (41, 49)]
59;[(19, 29, 28, 20, 11, 3, 13, 4, 12), (77, 78, 79, 70, 60, 52, 43, 53), (41, 49)]
59;[(20, 29, 28, 19, 11, 3, 12, 13, 4), (59, 69, 60, 50, 42, 43, 44, 52), (78, 79)]
59;[(20, 29, 28, 19, 11, 3, 12, 13, 4), (68, 69, 78, 70, 62, 53, 44, 43), (30, 40)]
59;[(20, 29, 28, 19, 11, 3, 13, 12, 4), (68, 78, 79, 70, 61, 53, 52, 44), (41, 49)]
59;[(20, 29, 28, 19, 11, 3, 4, 12, 13), (68, 78, 79, 70, 61, 53, 43, 44), (50, 40)]
59;[(20, 29, 28, 19, 11, 3, 4, 12, 13), (77, 78, 69, 61, 62, 53, 43, 44), (50, 42)]
60;[(18, 27, 28, 20, 11, 12, 13, 3, 4), (68, 69, 60, 61, 62, 53, 44, 43), (50, 40)]
60;[(19, 29, 28, 20, 11, 3, 12, 13, 4), (68, 69, 78, 70, 62, 53, 44, 52), (65, 57)]
60;[(19, 29, 28, 20, 11, 3, 12, 13, 4), (77, 78, 79, 70, 61, 52, 53, 44), (41, 49)]
60;[(19, 29, 30, 20, 11, 3, 12, 13, 4), (77, 78, 69, 70, 62, 53, 44, 43), (50, 42)]
60;[(20, 29, 28, 19, 11, 3, 12, 13, 4), (68, 60, 69, 61, 62, 53, 44, 43), (47, 39)]
60;[(20, 29, 28, 19, 11, 3, 12, 13, 4), (68, 69, 78, 70, 62, 53, 44, 43), (63, 54)]
60;[(20, 30, 29, 19, 11, 3, 12, 13, 4), (68, 69, 78, 70, 62, 53, 44, 52), (41, 49)]
61;[(18, 27, 28, 19, 11, 12, 13, 4, 3), (68, 78, 69, 70, 62, 53, 43, 44), (50, 42)]
61;[(18, 27, 28, 19, 11, 3, 12, 13, 4), (68, 69, 60, 70, 62, 53, 44, 52), (59, 49)]
61;[(18, 27, 28, 19, 11, 3, 12, 13, 4), (68, 78, 69, 70, 62, 53, 43, 44), (50, 42)]
61;[(18, 27, 28, 19, 11, 3, 12, 13, 4), (77, 78, 69, 70, 62, 53, 43, 44), (50, 49)]
61;[(18, 27, 28, 20, 11, 12, 13, 4, 3), (68, 78, 69, 70, 62, 53, 52, 44), (41, 40)]
61;[(19, 27, 28, 20, 11, 12, 13, 4, 3), (77, 69, 78, 70, 62, 53, 52, 44), (41, 40)]
61;[(19, 27, 28, 20, 11, 12, 4, 13, 3), (77, 69, 78, 70, 62, 52, 53, 44), (41, 40)]
61;[(19, 29, 28, 20, 11, 3, 12, 13, 4), (68, 60, 69, 70, 62, 53, 44, 43), (59, 58)]
61;[(19, 29, 28, 20, 21, 12, 13, 4, 3), (68, 78, 69, 70, 62, 53, 52, 44), (59, 49)]
61;[(19, 29, 30, 20, 11, 3, 12, 13, 4), (68, 69, 78, 70, 62, 53, 44, 52), (50, 49)]
61;[(20, 29, 28, 19, 11, 3, 12, 13, 4), (68, 60, 69, 70, 62, 53, 44, 43), (59, 58)]
61;[(20, 29, 28, 19, 11, 3, 12, 13, 4), (68, 69, 78, 70, 62, 53, 44, 43), (50, 58)]
61;[(20, 29, 28, 19, 11, 3, 13, 12, 4), (68, 60, 69, 70, 62, 53, 44, 52), (59, 58)]
62;[(19, 28, 29, 20, 11, 3, 12, 13, 4), (77, 78, 79, 70, 61, 53, 52, 44), (41, 49)]
62;[(19, 29, 28, 20, 11, 3, 12, 13, 4), (68, 69, 60, 70, 62, 52, 44, 53), (41, 49)]
62;[(19, 29, 30, 20, 11, 3, 12, 13, 4), (68, 60, 69, 70, 62, 53, 44, 43), (50, 58)]
62;[(19, 29, 30, 20, 11, 3, 12, 13, 4), (68, 69, 78, 70, 62, 53, 44, 52), (66, 56)]
62;[(20, 29, 28, 19, 11, 3, 4, 12, 13), (68, 69, 79, 70, 61, 53, 43, 44), (50, 40)]
63;[(18, 27, 28, 19, 11, 12, 13, 4, 3), (77, 78, 69, 61, 62, 53, 52, 44), (41, 51)]
63;[(18, 27, 28, 19, 11, 3, 12, 13, 4), (68, 69, 78, 70, 62, 53, 43, 44), (50, 49)]
63;[(18, 27, 28, 19, 11, 3, 12, 13, 4), (77, 78, 69, 61, 62, 53, 52, 44), (41, 51)]
63;[(18, 27, 28, 19, 11, 3, 13, 12, 4), (77, 78, 69, 61, 62, 52, 53, 44), (41, 51)]
63;[(18, 27, 28, 20, 11, 3, 12, 13, 4), (68, 69, 60, 70, 62, 52, 53, 44), (41, 49)]
63;[(18, 27, 28, 20, 11, 3, 12, 13, 4), (68, 78, 69, 61, 62, 53, 52, 44), (41, 49)]
63;[(18, 28, 29, 20, 11, 3, 12, 13, 4), (77, 69, 78, 70, 62, 53, 44, 43), (50, 42)]
63;[(18, 28, 29, 20, 11, 3, 12, 13, 4), (77, 69, 78, 70, 62, 53, 44, 52), (41, 51)]
63;[(19, 28, 29, 20, 11, 3, 12, 13, 4), (77, 69, 60, 61, 62, 53, 44, 52), (59, 49)]
63;[(19, 29, 28, 20, 11, 3, 12, 13, 4), (68, 78, 69, 70, 62, 53, 44, 43), (50, 58)]
63;[(19, 29, 30, 20, 11, 3, 12, 13, 4), (68, 69, 78, 70, 62, 53, 44, 52), (41, 51)]
63;[(20, 28, 27, 19, 11, 3, 12, 13, 4), (68, 69, 60, 70, 62, 52, 53, 44), (41, 49)]
63;[(20, 28, 29, 19, 11, 3, 12, 13, 4), (68, 69, 60, 61, 62, 53, 44, 52), (41, 51)]
63;[(20, 29, 28, 19, 11, 3, 12, 13, 4), (68, 78, 69, 70, 62, 53, 44, 43), (50, 58)]
63;[(20, 29, 28, 19, 11, 3, 13, 12, 4), (68, 60, 69, 61, 62, 53, 44, 52), (59, 49)]
63;[(20, 29, 28, 19, 11, 3, 13, 12, 4), (77, 69, 60, 70, 62, 53, 52, 44), (41, 51)]
63;[(20, 29, 28, 19, 11, 3, 4, 12, 13), (77, 69, 60, 70, 62, 53, 43, 44), (50, 42)]
63;[(20, 30, 29, 19, 11, 3, 12, 13, 4), (77, 69, 78, 70, 62, 53, 44, 43), (50, 42)]
64;[(18, 27, 28, 19, 11, 12, 13, 3, 4), (77, 69, 60, 70, 62, 53, 44, 43), (50, 40)]
64;[(18, 27, 28, 20, 11, 3, 12, 13, 4), (68, 69, 60, 70, 62, 53, 44, 43), (66, 56)]
64;[(18, 27, 28, 20, 11, 3, 12, 13, 4), (68, 78, 69, 70, 62, 52, 53, 44), (64, 56)]
64;[(18, 27, 28, 20, 11, 3, 12, 13, 4), (68, 78, 69, 70, 62, 53, 44, 43), (29, 37)]
64;[(19, 27, 28, 20, 11, 12, 13, 4, 3), (68, 60, 69, 61, 62, 53, 43, 44), (50, 40)]
64;[(19, 27, 28, 20, 11, 3, 12, 13, 4), (68, 78, 69, 70, 62, 53, 44, 43), (64, 56)]
64;[(19, 28, 29, 20, 11, 3, 12, 13, 4), (68, 69, 60, 61, 62, 53, 44, 43), (50, 42)]
64;[(19, 28, 29, 20, 11, 3, 12, 13, 4), (77, 69, 60, 70, 62, 53, 44, 52), (30, 40)]
64;[(19, 29, 28, 20, 11, 3, 12, 13, 4), (77, 69, 79, 70, 61, 53, 52, 44), (41, 49)]
64;[(19, 29, 28, 20, 11, 3, 12, 13, 4), (77, 78, 69, 61, 62, 53, 44, 52), (59, 49)]
64;[(19, 29, 28, 20, 11, 3, 13, 4, 12), (77, 69, 79, 70, 61, 52, 44, 53), (41, 49)]
64;[(20, 29, 28, 19, 11, 3, 12, 13, 4), (68, 69, 60, 61, 62, 53, 44, 52), (30, 39)]
64;[(20, 29, 28, 19, 11, 3, 12, 13, 4), (68, 69, 60, 61, 62, 53, 44, 52), (31, 39)]
64;[(20, 29, 28, 19, 11, 3, 12, 13, 4), (68, 78, 69, 70, 62, 53, 44, 52), (38, 48)]
65;[(18, 28, 29, 20, 11, 3, 12, 13, 4), (77, 69, 60, 70, 62, 53, 44, 52), (30, 40)]
65;[(19, 27, 28, 20, 11, 3, 12, 13, 4), (68, 78, 69, 61, 62, 53, 52, 44), (41, 49)]
65;[(19, 27, 28, 20, 11, 3, 12, 13, 4), (68, 78, 69, 70, 62, 53, 44, 43), (46, 56)]
65;[(19, 27, 28, 20, 11, 3, 13, 12, 4), (68, 78, 69, 61, 62, 52, 53, 44), (41, 49)]
65;[(19, 29, 28, 20, 11, 3, 12, 13, 4), (68, 60, 69, 61, 62, 53, 44, 43), (50, 42)]
65;[(20, 29, 28, 19, 11, 3, 12, 13, 4), (68, 60, 69, 61, 62, 53, 44, 43), (50, 42)]
65;[(20, 29, 28, 19, 11, 3, 12, 13, 4), (68, 78, 79, 70, 61, 53, 52, 44), (41, 49)]
65;[(20, 29, 28, 19, 11, 3, 12, 4, 13), (68, 78, 79, 70, 61, 53, 44, 52), (41, 49)]
65;[(20, 29, 28, 19, 11, 3, 13, 12, 4), (68, 60, 69, 61, 62, 53, 44, 52), (41, 51)]
65;[(20, 29, 28, 19, 11, 3, 13, 12, 4), (68, 78, 79, 70, 61, 52, 53, 44), (41, 49)]
66;[(18, 27, 28, 19, 11, 12, 13, 3, 4), (68, 69, 60, 70, 62, 53, 44, 43), (50, 40)]
66;[(18, 27, 28, 20, 11, 12, 13, 4, 3), (77, 69, 70, 71, 62, 53, 43, 44), (50, 40)]
66;[(18, 28, 29, 19, 11, 3, 12, 13, 4), (77, 69, 78, 70, 62, 53, 44, 52), (30, 40)]
66;[(19, 28, 29, 20, 11, 3, 12, 13, 4), (68, 69, 78, 70, 62, 53, 44, 43), (50, 58)]
66;[(19, 28, 29, 20, 11, 3, 12, 13, 4), (77, 69, 78, 70, 62, 53, 44, 52), (30, 40)]
66;[(19, 29, 28, 20, 11, 12, 13, 3, 4), (77, 78, 69, 70, 62, 53, 44, 52), (41, 49)]
66;[(19, 29, 28, 20, 11, 12, 13, 4, 3), (77, 78, 69, 70, 62, 53, 52, 44), (41, 49)]
66;[(19, 29, 28, 20, 11, 12, 4, 13, 3), (77, 78, 69, 70, 62, 52, 53, 44), (41, 49)]
66;[(19, 29, 28, 20, 11, 3, 12, 13, 4), (68, 60, 69, 70, 62, 52, 44, 53), (41, 49)]
66;[(19, 29, 28, 20, 11, 3, 12, 13, 4), (68, 78, 69, 70, 62, 53, 44, 43), (50, 40)]
66;[(19, 29, 28, 20, 11, 3, 12, 13, 4), (77, 78, 69, 70, 62, 53, 43, 44), (50, 49)]
66;[(20, 28, 29, 19, 11, 3, 12, 13, 4), (77, 69, 78, 70, 62, 53, 44, 52), (30, 40)]
66;[(20, 29, 28, 19, 11, 3, 12, 13, 4), (59, 69, 60, 61, 62, 53, 52, 44), (41, 51)]
66;[(20, 29, 28, 19, 11, 3, 12, 13, 4), (68, 78, 69, 70, 62, 53, 44, 43), (50, 40)]
66;[(20, 29, 28, 19, 11, 3, 13, 12, 4), (68, 78, 69, 70, 62, 53, 44, 52), (41, 49)]
66;[(20, 29, 28, 19, 11, 3, 13, 4, 12), (59, 69, 60, 61, 62, 52, 44, 53), (41, 51)]
67;[(18, 27, 28, 19, 11, 12, 13, 4, 3), (77, 78, 69, 70, 62, 53, 43, 44), (50, 42)]
67;[(18, 27, 28, 19, 11, 3, 12, 13, 4), (77, 78, 69, 70, 62, 53, 43, 44), (50, 42)]
67;[(18, 28, 29, 20, 11, 3, 12, 13, 4), (68, 69, 78, 70, 62, 53, 44, 43), (50, 42)]
67;[(18, 28, 29, 20, 11, 3, 12, 13, 4), (68, 69, 78, 70, 62, 53, 44, 52), (41, 51)]
67;[(18, 28, 29, 20, 11, 3, 12, 13, 4), (77, 69, 78, 70, 62, 53, 44, 52), (30, 40)]
67;[(19, 29, 28, 20, 11, 3, 12, 13, 4), (77, 78, 79, 70, 61, 53, 52, 44), (41, 49)]
67;[(19, 29, 28, 20, 11, 3, 12, 4, 13), (77, 78, 79, 70, 61, 53, 44, 52), (41, 49)]
67;[(19, 29, 28, 20, 11, 3, 13, 4, 12), (68, 69, 61, 70, 60, 52, 43, 53), (41, 49)]
67;[(19, 29, 28, 20, 11, 3, 13, 4, 12), (77, 78, 79, 70, 61, 52, 44, 53), (41, 49)]
67;[(20, 29, 28, 19, 11, 3, 13, 12, 4), (68, 69, 60, 70, 62, 53, 44, 52), (59, 49)]
67;[(20, 29, 28, 19, 11, 3, 4, 12, 13), (68, 69, 78, 70, 62, 52, 53, 44), (47, 39)]
68;[(19, 27, 28, 20, 11, 12, 13, 4, 3), (77, 69, 70, 71, 62, 53, 43, 44), (50, 40)]
68;[(19, 29, 28, 20, 11, 3, 12, 13, 4), (68, 78, 69, 70, 62, 53, 43, 44), (50, 49)]
68;[(19, 29, 28, 20, 11, 3, 12, 13, 4), (77, 69, 78, 70, 62, 53, 43, 44), (50, 49)]
68;[(19, 29, 28, 20, 11, 3, 12, 13, 4), (77, 78, 69, 61, 62, 52, 53, 44), (41, 51)]
68;[(19, 29, 28, 20, 21, 12, 13, 4, 3), (77, 78, 69, 70, 62, 53, 43, 44), (50, 40)]
68;[(19, 29, 30, 20, 11, 3, 12, 13, 4), (68, 69, 60, 70, 62, 53, 44, 52), (32, 40)]
69;[(18, 27, 28, 19, 11, 3, 12, 13, 4), (68, 69, 60, 70, 62, 52, 53, 44), (64, 56)]
69;[(18, 27, 28, 19, 11, 3, 12, 13, 4), (77, 69, 60, 70, 62, 52, 44, 53), (41, 49)]
69;[(19, 27, 28, 20, 11, 3, 12, 13, 4), (68, 60, 69, 61, 62, 52, 44, 53), (41, 49)]
69;[(19, 29, 28, 20, 11, 3, 12, 13, 4), (68, 60, 69, 70, 62, 53, 44, 52), (59, 58)]
69;[(19, 29, 28, 20, 11, 3, 12, 13, 4), (68, 69, 78, 70, 62, 53, 44, 52), (30, 39)]
69;[(19, 29, 28, 20, 11, 3, 12, 13, 4), (68, 69, 78, 70, 62, 53, 44, 52), (31, 39)]
69;[(19, 29, 28, 20, 11, 3, 12, 13, 4), (68, 69, 79, 70, 61, 53, 52, 44), (41, 49)]
69;[(19, 29, 28, 20, 11, 3, 12, 4, 13), (68, 69, 79, 70, 61, 53, 44, 52), (41, 49)]
69;[(19, 29, 28, 20, 11, 3, 13, 4, 12), (68, 69, 79, 70, 61, 52, 44, 53), (41, 49)]
69;[(20, 29, 28, 19, 11, 3, 12, 13, 4), (68, 60, 69, 70, 62, 53, 44, 52), (59, 58)]
69;[(20, 29, 28, 19, 11, 3, 12, 13, 4), (77, 69, 60, 70, 62, 53, 44, 43), (30, 40)]
69;[(20, 29, 28, 19, 11, 3, 13, 12, 4), (68, 60, 69, 70, 62, 53, 44, 43), (59, 58)]
70;[(18, 27, 28, 19, 11, 3, 12, 13, 4), (68, 78, 69, 61, 62, 53, 43, 44), (50, 49)]
70;[(18, 27, 28, 20, 11, 12, 13, 3, 4), (68, 78, 69, 70, 62, 53, 44, 43), (50, 42)]
70;[(18, 27, 28, 20, 11, 12, 13, 3, 4), (77, 69, 60, 70, 62, 53, 44, 43), (50, 40)]
70;[(18, 27, 28, 20, 11, 12, 13, 4, 3), (68, 78, 69, 70, 62, 53, 43, 44), (50, 42)]
70;[(18, 27, 28, 20, 11, 12, 13, 4, 3), (77, 78, 70, 71, 62, 53, 43, 44), (50, 40)]
70;[(18, 27, 28, 20, 11, 3, 12, 13, 4), (68, 78, 69, 70, 62, 53, 43, 44), (50, 42)]
70;[(18, 28, 29, 20, 11, 3, 12, 13, 4), (68, 69, 60, 61, 62, 53, 44, 52), (59, 49)]
70;[(19, 27, 28, 20, 11, 3, 12, 13, 4), (77, 69, 60, 70, 62, 52, 44, 53), (41, 49)]
70;[(19, 29, 28, 20, 11, 3, 12, 13, 4), (68, 60, 69, 70, 62, 53, 44, 43), (50, 42)]
70;[(19, 29, 28, 20, 11, 3, 12, 13, 4), (68, 60, 69, 70, 62, 53, 44, 52), (30, 39)]
70;[(19, 29, 28, 20, 11, 3, 12, 13, 4), (77, 69, 60, 70, 62, 53, 44, 52), (30, 40)]
70;[(19, 29, 28, 20, 21, 12, 13, 3, 4), (68, 69, 60, 61, 62, 53, 44, 43), (59, 49)]
70;[(19, 29, 30, 20, 11, 3, 12, 13, 4), (68, 69, 78, 70, 62, 53, 44, 43), (66, 56)]
70;[(20, 28, 27, 19, 11, 3, 12, 13, 4), (68, 69, 78, 70, 62, 53, 44, 52), (30, 40)]
70;[(20, 28, 29, 19, 11, 3, 12, 13, 4), (77, 69, 60, 61, 62, 53, 44, 52), (59, 49)]
70;[(20, 29, 28, 19, 11, 3, 12, 13, 4), (68, 60, 69, 70, 62, 53, 44, 43), (50, 42)]
70;[(20, 29, 28, 19, 11, 3, 12, 13, 4), (68, 60, 69, 70, 62, 53, 44, 52), (30, 39)]
70;[(20, 29, 28, 19, 11, 3, 12, 13, 4), (68, 60, 69, 70, 62, 53, 44, 52), (31, 39)]
70;[(20, 29, 28, 19, 11, 3, 12, 13, 4), (68, 60, 69, 70, 62, 53, 44, 52), (41, 51)]
70;[(20, 29, 28, 19, 11, 3, 12, 13, 4), (68, 78, 69, 70, 62, 53, 43, 44), (50, 49)]
70;[(20, 29, 28, 19, 11, 3, 13, 12, 4), (59, 69, 60, 61, 62, 53, 52, 44), (41, 51)]
70;[(20, 29, 28, 19, 11, 3, 13, 12, 4), (68, 60, 69, 70, 62, 53, 44, 52), (41, 51)]
70;[(20, 29, 28, 19, 11, 3, 13, 12, 4), (68, 69, 60, 70, 62, 53, 44, 43), (50, 58)]
70;[(20, 29, 28, 19, 11, 3, 13, 12, 4), (68, 69, 79, 70, 60, 52, 53, 43), (41, 49)]
70;[(20, 29, 28, 19, 11, 3, 4, 12, 13), (59, 69, 60, 61, 62, 53, 43, 44), (50, 42)]
71;[(18, 27, 28, 20, 11, 3, 12, 13, 4), (68, 69, 78, 70, 62, 52, 53, 44), (65, 56)]
71;[(18, 28, 29, 19, 11, 3, 12, 13, 4), (68, 69, 78, 70, 62, 53, 44, 43), (50, 42)]
71;[(18, 28, 29, 19, 11, 3, 12, 13, 4), (68, 69, 78, 70, 62, 53, 44, 52), (41, 51)]
71;[(19, 28, 29, 20, 11, 3, 12, 13, 4), (68, 69, 79, 70, 61, 53, 52, 44), (41, 49)]
71;[(19, 29, 28, 20, 11, 3, 12, 13, 4), (68, 78, 69, 70, 62, 53, 44, 52), (30, 39)]
71;[(19, 29, 28, 20, 11, 3, 12, 13, 4), (68, 78, 69, 70, 62, 53, 44, 52), (31, 39)]
71;[(19, 29, 28, 20, 11, 3, 12, 13, 4), (68, 78, 79, 70, 60, 52, 53, 44), (41, 49)]
71;[(19, 29, 28, 20, 11, 3, 12, 13, 4), (77, 69, 79, 70, 60, 52, 53, 44), (41, 49)]
71;[(20, 28, 29, 19, 11, 3, 12, 13, 4), (68, 69, 60, 61, 62, 53, 43, 44), (59, 51)]
71;[(20, 29, 28, 19, 11, 3, 12, 13, 4), (68, 78, 69, 70, 62, 53, 44, 52), (30, 39)]
71;[(20, 29, 28, 19, 11, 3, 12, 13, 4), (68, 78, 69, 70, 62, 53, 44, 52), (31, 39)]
71;[(20, 29, 28, 19, 11, 3, 12, 13, 4), (77, 69, 79, 70, 61, 53, 52, 44), (41, 49)]
71;[(20, 29, 28, 19, 11, 3, 12, 4, 13), (77, 69, 79, 70, 61, 53, 44, 52), (41, 49)]
71;[(20, 29, 28, 19, 11, 3, 13, 12, 4), (77, 69, 79, 70, 61, 52, 53, 44), (41, 49)]
72;[(18, 27, 28, 20, 11, 12, 13, 4, 3), (68, 60, 69, 61, 62, 53, 43, 44), (50, 40)]
72;[(18, 27, 28, 20, 11, 3, 12, 13, 4), (68, 69, 78, 70, 62, 53, 44, 52), (64, 56)]
72;[(19, 27, 28, 20, 11, 12, 13, 4, 3), (68, 60, 69, 70, 62, 53, 43, 44), (50, 40)]
72;[(19, 27, 28, 20, 11, 3, 12, 13, 4), (68, 69, 60, 70, 62, 52, 53, 44), (41, 49)]
72;[(19, 27, 28, 20, 11, 3, 12, 13, 4), (77, 78, 69, 61, 62, 53, 52, 44), (41, 49)]
72;[(19, 27, 28, 20, 11, 3, 13, 12, 4), (77, 78, 69, 61, 62, 52, 53, 44), (41, 49)]
72;[(19, 29, 28, 20, 11, 3, 12, 13, 4), (77, 69, 78, 70, 62, 53, 44, 43), (30, 40)]
72;[(19, 29, 28, 20, 11, 3, 12, 13, 4), (77, 78, 79, 69, 61, 52, 53, 43), (41, 51)]
72;[(20, 28, 29, 19, 11, 3, 12, 13, 4), (68, 69, 60, 61, 62, 53, 44, 43), (59, 51)]
72;[(20, 29, 28, 19, 11, 3, 12, 13, 4), (68, 69, 78, 70, 62, 53, 44, 52), (64, 55)]
72;[(20, 29, 28, 19, 11, 3, 12, 13, 4), (77, 69, 78, 70, 62, 53, 44, 43), (30, 40)]
73;[(18, 27, 28, 20, 11, 3, 12, 13, 4), (77, 69, 60, 70, 62, 53, 52, 44), (41, 49)]
73;[(18, 27, 28, 20, 11, 3, 12, 4, 13), (77, 69, 60, 70, 62, 53, 44, 52), (41, 49)]
73;[(18, 27, 28, 20, 11, 3, 13, 12, 4), (77, 69, 60, 70, 62, 52, 53, 44), (41, 49)]
73;[(18, 27, 28, 20, 11, 3, 13, 4, 12), (77, 69, 60, 70, 62, 52, 44, 53), (41, 49)]
73;[(19, 29, 28, 20, 11, 3, 12, 13, 4), (68, 69, 78, 70, 61, 52, 43, 53), (41, 51)]
74;[(18, 28, 29, 19, 11, 3, 12, 13, 4), (68, 69, 60, 70, 62, 53, 44, 52), (59, 49)]
74;[(19, 29, 28, 20, 11, 12, 13, 3, 4), (77, 69, 78, 70, 62, 53, 44, 43), (50, 42)]
74;[(19, 29, 28, 20, 11, 12, 13, 4, 3), (68, 60, 69, 61, 62, 53, 43, 44), (59, 49)]
74;[(19, 29, 28, 20, 11, 3, 12, 13, 4), (59, 60, 69, 61, 62, 52, 53, 44), (41, 51)]
74;[(19, 29, 28, 20, 11, 3, 12, 13, 4), (68, 78, 69, 70, 62, 53, 44, 52), (59, 49)]
74;[(19, 29, 28, 20, 11, 3, 12, 13, 4), (77, 69, 60, 70, 62, 52, 53, 44), (41, 51)]
74;[(19, 29, 28, 20, 11, 3, 12, 13, 4), (77, 69, 78, 70, 62, 53, 43, 44), (50, 42)]
74;[(19, 29, 28, 20, 21, 12, 13, 3, 4), (77, 69, 78, 70, 62, 53, 44, 43), (50, 40)]
74;[(20, 28, 27, 19, 11, 3, 12, 13, 4), (77, 69, 78, 70, 61, 53, 52, 44), (41, 49)]
74;[(20, 28, 29, 19, 11, 3, 12, 13, 4), (68, 69, 79, 70, 61, 53, 52, 44), (41, 49)]
74;[(20, 29, 28, 19, 11, 12, 13, 4, 3), (77, 78, 69, 70, 62, 53, 52, 44), (41, 49)]
74;[(20, 29, 28, 19, 11, 12, 4, 13, 3), (77, 78, 69, 70, 62, 52, 53, 44), (41, 49)]
74;[(20, 29, 28, 19, 11, 3, 12, 13, 4), (77, 69, 60, 61, 62, 53, 44, 52), (59, 49)]
74;[(20, 29, 28, 19, 11, 3, 13, 12, 4), (68, 78, 70, 69, 61, 53, 52, 43), (41, 51)]
74;[(20, 29, 28, 19, 11, 3, 4, 12, 13), (77, 69, 60, 61, 62, 52, 53, 44), (59, 49)]
75;[(18, 27, 28, 19, 11, 3, 12, 13, 4), (68, 69, 60, 61, 62, 53, 44, 52), (59, 49)]
75;[(18, 27, 28, 19, 11, 3, 12, 13, 4), (68, 69, 78, 70, 62, 52, 53, 44), (41, 51)]
75;[(18, 27, 28, 19, 11, 3, 12, 13, 4), (68, 69, 78, 70, 62, 53, 44, 43), (50, 58)]
75;[(18, 27, 28, 20, 11, 3, 12, 13, 4), (77, 78, 69, 61, 62, 53, 52, 44), (41, 49)]
75;[(18, 27, 28, 20, 11, 3, 13, 12, 4), (77, 78, 69, 61, 62, 52, 53, 44), (41, 49)]
75;[(19, 27, 28, 20, 11, 3, 12, 13, 4), (77, 78, 69, 61, 62, 53, 43, 44), (50, 49)]
75;[(19, 28, 29, 20, 11, 3, 12, 13, 4), (68, 69, 60, 61, 62, 53, 44, 52), (30, 40)]
75;[(19, 28, 29, 20, 11, 3, 12, 13, 4), (77, 69, 60, 70, 62, 52, 53, 44), (41, 51)]
75;[(19, 29, 28, 20, 11, 3, 12, 13, 4), (68, 60, 69, 70, 62, 53, 44, 43), (50, 58)]
75;[(20, 29, 28, 19, 11, 3, 12, 13, 4), (68, 60, 69, 70, 62, 53, 44, 43), (50, 58)]
75;[(20, 29, 28, 19, 11, 3, 12, 13, 4), (68, 69, 60, 61, 62, 53, 44, 52), (41, 51)]
75;[(20, 29, 28, 19, 11, 3, 12, 13, 4), (77, 78, 69, 70, 62, 53, 44, 43), (30, 40)]
75;[(20, 29, 28, 19, 11, 3, 12, 13, 4), (77, 78, 69, 70, 62, 53, 44, 52), (30, 39)]
75;[(20, 29, 28, 19, 11, 3, 12, 13, 4), (77, 78, 69, 70, 62, 53, 44, 52), (31, 39)]
75;[(20, 29, 28, 19, 11, 3, 13, 12, 4), (68, 69, 60, 61, 62, 53, 44, 43), (50, 42)]
75;[(20, 29, 28, 19, 11, 3, 4, 12, 13), (68, 69, 60, 61, 62, 52, 53, 44), (41, 51)]
75;[(20, 29, 28, 19, 11, 3, 4, 12, 13), (77, 69, 78, 70, 62, 52, 53, 44), (30, 40)]
76;[(18, 27, 28, 20, 11, 3, 12, 13, 4), (77, 69, 60, 70, 62, 52, 44, 53), (41, 49)]
76;[(19, 28, 29, 20, 11, 3, 12, 13, 4), (68, 69, 60, 61, 62, 53, 52, 44), (59, 51)]
76;[(19, 28, 29, 20, 11, 3, 12, 13, 4), (68, 69, 78, 70, 62, 53, 44, 52), (59, 49)]
76;[(20, 28, 27, 19, 11, 3, 12, 13, 4), (68, 69, 78, 70, 61, 53, 52, 44), (41, 49)]
76;[(20, 29, 28, 19, 11, 3, 13, 12, 4), (77, 69, 78, 70, 62, 53, 44, 43), (68, 58)]
77;[(18, 27, 28, 20, 11, 3, 12, 13, 4), (68, 69, 60, 70, 62, 53, 44, 52), (59, 49)]
77;[(18, 28, 29, 20, 11, 3, 12, 13, 4), (68, 69, 60, 70, 62, 53, 44, 52), (59, 49)]
77;[(19, 27, 28, 20, 11, 3, 12, 13, 4), (68, 69, 60, 61, 62, 53, 52, 44), (59, 49)]
77;[(19, 27, 28, 20, 11, 3, 12, 13, 4), (68, 69, 60, 70, 62, 53, 44, 52), (59, 49)]
77;[(19, 27, 28, 20, 11, 3, 12, 13, 4), (68, 69, 78, 70, 62, 52, 53, 44), (46, 56)]
77;[(19, 27, 28, 20, 11, 3, 12, 4, 13), (68, 69, 60, 61, 62, 53, 44, 52), (59, 49)]
77;[(19, 27, 28, 20, 11, 3, 13, 12, 4), (68, 69, 60, 61, 62, 52, 53, 44), (59, 49)]
77;[(19, 27, 28, 20, 11, 3, 13, 4, 12), (68, 69, 60, 61, 62, 52, 44, 53), (59, 49)]
77;[(19, 28, 29, 20, 11, 3, 12, 13, 4), (77, 69, 60, 61, 62, 53, 52, 44), (41, 51)]
77;[(19, 29, 28, 20, 11, 3, 12, 13, 4), (68, 69, 78, 70, 61, 53, 52, 43), (41, 51)]
77;[(19, 29, 28, 20, 11, 3, 13, 12, 4), (68, 69, 78, 70, 61, 52, 53, 43), (41, 51)]
77;[(19, 29, 28, 20, 11, 3, 13, 4, 12), (68, 69, 78, 70, 61, 52, 43, 53), (41, 51)]
77;[(20, 29, 28, 19, 11, 3, 12, 13, 4), (68, 69, 78, 70, 61, 53, 52, 43), (41, 51)]
77;[(20, 29, 28, 19, 11, 3, 13, 12, 4), (68, 69, 78, 70, 61, 52, 53, 43), (41, 51)]
77;[(20, 29, 28, 19, 11, 3, 4, 12, 13), (68, 69, 78, 70, 62, 52, 53, 44), (30, 40)]
78;[(18, 27, 28, 19, 11, 12, 13, 3, 4), (77, 69, 78, 70, 62, 53, 44, 43), (50, 58)]
78;[(18, 27, 28, 20, 11, 3, 12, 13, 4), (68, 60, 69, 70, 62, 52, 44, 53), (41, 49)]
78;[(18, 27, 28, 20, 11, 3, 12, 13, 4), (77, 69, 60, 70, 62, 52, 53, 44), (41, 49)]
78;[(18, 27, 28, 20, 11, 3, 12, 13, 4), (77, 78, 69, 61, 62, 53, 43, 44), (50, 49)]
78;[(18, 28, 27, 19, 11, 3, 12, 13, 4), (68, 69, 78, 70, 62, 53, 44, 52), (30, 40)]
78;[(19, 27, 28, 20, 11, 3, 12, 13, 4), (68, 60, 69, 70, 62, 52, 44, 53), (41, 49)]
78;[(19, 27, 28, 20, 11, 3, 12, 13, 4), (77, 69, 78, 70, 61, 53, 52, 44), (41, 49)]
78;[(19, 27, 28, 20, 11, 3, 12, 13, 4), (77, 69, 78, 70, 62, 53, 44, 43), (50, 42)]
78;[(19, 27, 28, 20, 11, 3, 12, 13, 4), (77, 69, 78, 70, 62, 53, 44, 52), (41, 51)]
78;[(19, 27, 28, 20, 11, 3, 12, 4, 13), (77, 69, 78, 70, 61, 53, 44, 52), (41, 49)]
78;[(19, 27, 28, 20, 11, 3, 13, 4, 12), (77, 69, 78, 70, 61, 52, 44, 53), (41, 49)]
78;[(19, 28, 29, 20, 11, 3, 12, 13, 4), (68, 69, 60, 70, 62, 53, 44, 52), (30, 39)]
78;[(19, 28, 29, 20, 11, 3, 12, 13, 4), (68, 69, 60, 70, 62, 53, 44, 52), (31, 39)]
78;[(19, 29, 28, 20, 11, 12, 13, 3, 4), (68, 78, 79, 70, 62, 53, 44, 52), (41, 51)]
78;[(19, 29, 28, 20, 11, 12, 13, 4, 3), (68, 78, 79, 70, 62, 53, 52, 44), (41, 51)]
78;[(19, 29, 28, 20, 11, 12, 4, 13, 3), (68, 78, 79, 70, 62, 52, 53, 44), (41, 51)]
78;[(19, 29, 28, 20, 11, 3, 12, 13, 4), (68, 69, 78, 70, 62, 53, 43, 44), (50, 49)]
78;[(19, 29, 28, 20, 21, 12, 13, 3, 4), (77, 69, 60, 61, 62, 53, 44, 52), (59, 49)]
78;[(19, 29, 30, 20, 11, 12, 13, 4, 3), (68, 78, 69, 70, 62, 53, 52, 44), (41, 51)]
78;[(20, 28, 29, 19, 11, 3, 12, 13, 4), (68, 69, 60, 70, 62, 53, 44, 43), (59, 49)]
78;[(20, 29, 28, 19, 11, 3, 13, 12, 4), (59, 69, 61, 70, 60, 52, 53, 43), (41, 49)]
79;[(18, 27, 28, 19, 11, 3, 12, 13, 4), (68, 60, 69, 70, 62, 52, 44, 53), (41, 49)]
79;[(18, 27, 28, 19, 11, 3, 12, 13, 4), (68, 60, 69, 70, 62, 53, 44, 52), (30, 40)]
79;[(18, 27, 28, 20, 11, 3, 12, 13, 4), (68, 60, 69, 61, 62, 52, 44, 53), (41, 49)]
79;[(18, 27, 28, 20, 11, 3, 12, 13, 4), (68, 69, 78, 70, 61, 53, 52, 44), (41, 49)]
79;[(18, 27, 28, 20, 11, 3, 12, 4, 13), (68, 69, 78, 70, 61, 53, 44, 52), (41, 49)]
79;[(18, 27, 28, 20, 11, 3, 13, 12, 4), (68, 69, 78, 70, 61, 52, 53, 44), (41, 49)]
79;[(18, 27, 28, 20, 11, 3, 13, 4, 12), (68, 69, 78, 70, 61, 52, 44, 53), (41, 49)]
79;[(18, 28, 27, 19, 11, 3, 12, 13, 4), (68, 69, 78, 70, 62, 53, 44, 43), (50, 58)]
79;[(18, 28, 27, 19, 11, 3, 12, 13, 4), (68, 69, 78, 70, 62, 53, 44, 52), (59, 49)]
79;[(18, 28, 29, 19, 11, 3, 12, 13, 4), (68, 69, 60, 61, 62, 53, 44, 52), (59, 49)]
79;[(18, 28, 29, 19, 11, 3, 12, 13, 4), (77, 69, 60, 70, 62, 53, 44, 52), (30, 40)]
79;[(18, 28, 29, 20, 11, 3, 12, 13, 4), (68, 69, 60, 70, 62, 53, 44, 52), (30, 39)]
79;[(18, 28, 29, 20, 11, 3, 12, 13, 4), (68, 69, 60, 70, 62, 53, 44, 52), (31, 39)]
79;[(19, 27, 28, 20, 11, 3, 12, 13, 4), (68, 69, 60, 70, 62, 53, 44, 52), (66, 56)]
79;[(20, 28, 29, 19, 11, 3, 12, 13, 4), (68, 69, 78, 70, 61, 53, 52, 60), (41, 49)]
79;[(20, 29, 28, 19, 11, 3, 12, 13, 4), (59, 69, 60, 70, 62, 53, 52, 44), (41, 51)]
79;[(20, 29, 28, 19, 11, 3, 13, 12, 4), (77, 69, 79, 70, 60, 52, 53, 43), (41, 49)]
79;[(20, 29, 28, 19, 11, 3, 13, 4, 12), (59, 69, 60, 70, 62, 52, 44, 53), (41, 51)]
80;[(18, 27, 28, 19, 11, 3, 12, 13, 4), (68, 69, 78, 70, 62, 53, 44, 52), (30, 40)]
80;[(18, 27, 28, 20, 11, 3, 12, 13, 4), (68, 78, 69, 70, 62, 53, 44, 43), (50, 42)]
80;[(18, 27, 28, 20, 11, 3, 12, 13, 4), (68, 78, 69, 70, 62, 53, 44, 52), (41, 51)]
80;[(19, 27, 28, 20, 11, 12, 13, 3, 4), (77, 69, 60, 70, 62, 53, 44, 43), (50, 40)]
80;[(19, 27, 28, 20, 11, 12, 13, 4, 3), (68, 78, 69, 70, 62, 53, 43, 44), (50, 42)]
80;[(19, 27, 28, 20, 11, 3, 12, 13, 4), (68, 78, 69, 70, 62, 53, 43, 44), (50, 42)]
80;[(19, 28, 29, 20, 11, 3, 12, 13, 4), (68, 69, 60, 70, 62, 53, 44, 43), (59, 51)]
80;[(19, 29, 28, 20, 11, 12, 13, 3, 4), (77, 69, 78, 70, 62, 53, 44, 52), (41, 49)]
80;[(19, 29, 28, 20, 11, 12, 13, 4, 3), (77, 69, 78, 70, 62, 53, 52, 44), (41, 49)]
80;[(19, 29, 28, 20, 11, 3, 12, 13, 4), (59, 69, 61, 70, 60, 52, 53, 43), (41, 49)]
80;[(19, 29, 28, 20, 11, 3, 12, 13, 4), (68, 78, 69, 61, 62, 53, 44, 52), (59, 49)]
80;[(19, 29, 28, 20, 11, 3, 12, 13, 4), (68, 78, 70, 69, 61, 52, 53, 43), (41, 51)]
80;[(19, 29, 28, 20, 11, 3, 12, 13, 4), (77, 78, 69, 70, 62, 53, 44, 52), (59, 49)]
80;[(19, 29, 28, 20, 21, 12, 13, 3, 4), (68, 69, 60, 61, 62, 53, 44, 52), (59, 49)]
80;[(19, 29, 28, 20, 21, 12, 13, 3, 4), (77, 69, 60, 61, 62, 53, 44, 43), (59, 49)]
80;[(19, 29, 30, 20, 11, 3, 12, 13, 4), (77, 78, 69, 70, 62, 53, 44, 52), (32, 40)]
80;[(20, 28, 29, 19, 11, 3, 12, 13, 4), (68, 69, 60, 61, 62, 53, 44, 43), (59, 58)]
80;[(20, 29, 28, 19, 11, 12, 13, 3, 4), (77, 69, 78, 70, 62, 53, 44, 52), (41, 49)]
80;[(20, 29, 28, 19, 11, 12, 4, 13, 3), (77, 69, 78, 70, 62, 52, 53, 44), (41, 49)]
80;[(20, 29, 28, 19, 11, 3, 12, 13, 4), (77, 69, 78, 70, 62, 53, 44, 52), (38, 48)]
80;[(20, 29, 28, 19, 11, 3, 12, 13, 4), (77, 69, 78, 70, 62, 53, 44, 52), (59, 49)]
80;[(20, 29, 28, 19, 11, 3, 13, 12, 4), (77, 78, 79, 70, 60, 52, 53, 44), (41, 49)]
80;[(20, 29, 28, 19, 11, 3, 4, 12, 13), (77, 69, 78, 70, 62, 52, 53, 44), (59, 49)]
81;[(18, 27, 28, 20, 11, 3, 12, 13, 4), (68, 69, 60, 70, 62, 52, 53, 44), (66, 56)]
81;[(18, 28, 29, 19, 11, 3, 12, 13, 4), (77, 69, 78, 70, 62, 53, 44, 43), (50, 42)]
81;[(18, 28, 29, 19, 11, 3, 12, 13, 4), (77, 69, 78, 70, 62, 53, 44, 52), (41, 51)]
81;[(19, 28, 29, 20, 11, 3, 12, 13, 4), (77, 69, 60, 70, 62, 53, 52, 44), (41, 51)]
81;[(19, 29, 28, 20, 11, 3, 13, 4, 12), (68, 69, 79, 70, 60, 52, 44, 53), (41, 49)]
81;[(19, 29, 28, 20, 11, 3, 13, 4, 12), (77, 78, 79, 70, 60, 52, 44, 53), (41, 49)]
81;[(19, 29, 30, 20, 11, 3, 12, 13, 4), (68, 69, 78, 70, 62, 53, 44, 43), (50, 58)]
81;[(20, 29, 28, 19, 11, 3, 12, 13, 4), (77, 69, 60, 70, 62, 53, 52, 44), (41, 51)]
81;[(20, 29, 28, 19, 11, 3, 12, 4, 13), (77, 69, 60, 70, 62, 53, 44, 52), (41, 51)]
81;[(20, 29, 28, 19, 11, 3, 13, 12, 4), (68, 69, 61, 70, 60, 52, 53, 43), (41, 49)]
81;[(20, 29, 28, 19, 11, 3, 13, 12, 4), (77, 69, 60, 70, 62, 52, 53, 44), (41, 51)]
81;[(20, 29, 28, 19, 11, 3, 13, 4, 12), (77, 69, 60, 70, 62, 52, 44, 53), (41, 51)]
82;[(18, 27, 28, 19, 11, 3, 12, 13, 4), (77, 69, 60, 70, 62, 53, 44, 43), (50, 42)]
82;[(18, 27, 28, 19, 11, 3, 12, 13, 4), (77, 78, 79, 70, 61, 52, 44, 53), (41, 49)]
82;[(18, 27, 28, 20, 11, 3, 12, 13, 4), (68, 69, 78, 70, 62, 53, 44, 43), (64, 56)]
82;[(18, 27, 28, 20, 21, 12, 13, 3, 4), (77, 78, 69, 70, 62, 53, 44, 43), (50, 40)]
82;[(18, 27, 28, 20, 21, 12, 13, 4, 3), (77, 78, 69, 70, 62, 53, 43, 44), (50, 40)]
82;[(19, 27, 28, 20, 11, 3, 12, 13, 4), (68, 69, 78, 70, 61, 53, 52, 44), (41, 49)]
82;[(19, 27, 28, 20, 11, 3, 13, 12, 4), (68, 69, 78, 70, 61, 52, 53, 44), (41, 49)]
82;[(19, 27, 28, 20, 11, 3, 13, 4, 12), (68, 69, 78, 70, 61, 52, 44, 53), (41, 49)]
82;[(19, 28, 29, 20, 11, 3, 12, 13, 4), (59, 69, 60, 61, 62, 53, 52, 44), (41, 51)]
82;[(19, 28, 29, 20, 11, 3, 12, 13, 4), (68, 69, 78, 70, 61, 53, 52, 60), (41, 49)]
82;[(19, 29, 28, 20, 11, 3, 12, 13, 4), (59, 69, 60, 61, 62, 53, 52, 44), (41, 51)]
82;[(19, 29, 28, 20, 11, 3, 12, 13, 4), (68, 78, 79, 70, 60, 52, 53, 43), (41, 49)]
82;[(19, 29, 28, 20, 11, 3, 12, 13, 4), (77, 69, 79, 70, 60, 52, 53, 43), (41, 49)]
82;[(19, 29, 28, 20, 11, 3, 13, 12, 4), (59, 69, 60, 61, 62, 52, 53, 44), (41, 51)]
82;[(19, 29, 28, 20, 11, 3, 13, 4, 12), (59, 69, 60, 61, 62, 52, 44, 53), (41, 51)]
82;[(20, 28, 29, 19, 11, 3, 12, 13, 4), (68, 69, 60, 61, 62, 53, 52, 44), (59, 51)]
82;[(20, 29, 28, 19, 11, 3, 12, 13, 4), (68, 69, 79, 70, 61, 53, 52, 44), (41, 49)]
82;[(20, 29, 28, 19, 11, 3, 12, 13, 4), (68, 78, 69, 70, 62, 53, 44, 43), (47, 48)]
82;[(20, 29, 28, 19, 11, 3, 12, 4, 13), (68, 69, 79, 70, 61, 53, 44, 52), (41, 49)]
82;[(20, 29, 28, 19, 11, 3, 13, 12, 4), (68, 69, 79, 70, 61, 52, 53, 44), (41, 49)]
83;[(19, 27, 28, 20, 11, 3, 12, 13, 4), (68, 78, 69, 70, 62, 53, 44, 52), (64, 54)]
83;[(19, 29, 30, 20, 11, 3, 12, 13, 4), (68, 78, 69, 70, 62, 53, 43, 44), (50, 42)]
83;[(20, 28, 27, 19, 11, 3, 12, 13, 4), (68, 69, 60, 70, 62, 53, 44, 52), (59, 49)]
83;[(20, 29, 28, 19, 11, 3, 12, 13, 4), (68, 69, 78, 70, 62, 53, 44, 43), (50, 40)]
83;[(20, 29, 28, 19, 11, 3, 12, 13, 4), (77, 69, 78, 70, 62, 53, 44, 52), (30, 39)]
83;[(20, 29, 28, 19, 11, 3, 12, 13, 4), (77, 69, 78, 70, 62, 53, 44, 52), (31, 39)]
83;[(20, 29, 28, 19, 11, 3, 13, 12, 4), (68, 60, 70, 69, 61, 53, 52, 43), (41, 49)]
83;[(20, 29, 28, 19, 11, 3, 13, 12, 4), (68, 69, 78, 70, 62, 53, 44, 52), (41, 49)]
83;[(20, 29, 28, 19, 11, 3, 13, 12, 4), (77, 69, 78, 70, 62, 53, 44, 52), (68, 58)]
83;[(20, 29, 28, 19, 11, 3, 4, 12, 13), (77, 69, 78, 70, 62, 52, 53, 44), (32, 40)]
84;[(18, 27, 28, 19, 11, 3, 12, 13, 4), (68, 69, 60, 70, 62, 52, 53, 44), (41, 51)]
84;[(18, 27, 28, 20, 11, 3, 12, 13, 4), (68, 69, 78, 70, 62, 52, 53, 44), (64, 56)]
84;[(18, 28, 27, 19, 11, 3, 12, 13, 4), (68, 69, 60, 70, 62, 53, 44, 52), (30, 40)]
84;[(19, 29, 28, 20, 11, 12, 13, 3, 4), (68, 69, 79, 70, 62, 53, 44, 52), (41, 51)]
84;[(19, 29, 28, 20, 11, 12, 13, 4, 3), (68, 60, 69, 70, 62, 53, 43, 44), (50, 40)]
84;[(19, 29, 28, 20, 11, 12, 13, 4, 3), (68, 69, 79, 70, 62, 53, 52, 44), (41, 51)]
84;[(19, 29, 28, 20, 11, 12, 4, 13, 3), (68, 69, 79, 70, 62, 52, 53, 44), (41, 51)]
84;[(19, 29, 28, 20, 11, 3, 12, 13, 4), (59, 69, 60, 61, 62, 52, 53, 44), (41, 51)]
84;[(20, 28, 29, 19, 11, 3, 12, 13, 4), (68, 69, 60, 61, 62, 53, 44, 52), (59, 51)]
84;[(20, 29, 28, 19, 11, 3, 4, 12, 13), (68, 69, 60, 70, 62, 52, 53, 44), (30, 40)]
85;[(18, 27, 28, 19, 11, 12, 13, 4, 3), (68, 60, 69, 61, 62, 53, 43, 44), (50, 40)]
85;[(18, 27, 28, 19, 11, 3, 12, 13, 4), (68, 69, 60, 70, 62, 53, 44, 52), (30, 40)]
85;[(19, 27, 28, 20, 11, 3, 12, 13, 4), (68, 78, 69, 70, 62, 53, 44, 52), (46, 56)]
85;[(19, 28, 29, 20, 11, 3, 12, 13, 4), (68, 69, 78, 70, 62, 53, 44, 52), (30, 39)]
85;[(19, 28, 29, 20, 11, 3, 12, 13, 4), (68, 69, 78, 70, 62, 53, 44, 52), (31, 39)]
85;[(19, 29, 28, 20, 11, 12, 13, 3, 4), (68, 69, 60, 70, 62, 53, 44, 43), (50, 40)]
85;[(19, 29, 28, 20, 11, 12, 13, 3, 4), (77, 69, 60, 70, 62, 53, 44, 43), (50, 40)]
85;[(19, 29, 28, 20, 11, 3, 12, 13, 4), (68, 69, 60, 70, 62, 53, 44, 52), (30, 39)]
85;[(19, 29, 28, 20, 11, 3, 12, 13, 4), (68, 69, 60, 70, 62, 53, 44, 52), (31, 39)]
85;[(19, 29, 28, 20, 11, 3, 12, 13, 4), (68, 69, 78, 70, 62, 53, 44, 43), (50, 40)]
85;[(19, 29, 28, 20, 11, 3, 13, 4, 12), (68, 78, 79, 70, 60, 52, 43, 53), (41, 49)]
85;[(19, 29, 28, 20, 11, 3, 13, 4, 12), (77, 69, 79, 70, 60, 52, 43, 53), (41, 49)]
85;[(20, 28, 29, 19, 11, 3, 12, 13, 4), (77, 69, 60, 70, 62, 53, 52, 44), (41, 51)]
86;[(18, 27, 28, 19, 11, 3, 12, 13, 4), (77, 69, 60, 61, 62, 53, 44, 52), (59, 49)]
86;[(18, 27, 28, 20, 11, 3, 12, 13, 4), (68, 69, 60, 61, 62, 52, 44, 53), (41, 49)]
86;[(18, 27, 28, 20, 11, 3, 12, 13, 4), (77, 69, 60, 61, 62, 52, 44, 53), (41, 49)]
86;[(18, 27, 28, 20, 11, 3, 12, 13, 4), (77, 69, 78, 70, 61, 53, 52, 44), (41, 49)]
86;[(18, 27, 28, 20, 11, 3, 12, 4, 13), (77, 69, 78, 70, 61, 53, 44, 52), (41, 49)]
86;[(18, 27, 28, 20, 11, 3, 13, 12, 4), (77, 69, 78, 70, 61, 52, 53, 44), (41, 49)]
86;[(18, 27, 28, 20, 11, 3, 13, 4, 12), (77, 69, 78, 70, 61, 52, 44, 53), (41, 49)]
86;[(19, 27, 28, 20, 11, 12, 13, 3, 4), (68, 69, 60, 61, 62, 53, 44, 43), (50, 40)]
86;[(19, 29, 28, 20, 11, 3, 12, 13, 4), (68, 78, 69, 70, 62, 53, 44, 52), (41, 40)]
86;[(19, 29, 28, 20, 11, 3, 12, 13, 4), (77, 69, 60, 70, 62, 53, 52, 44), (41, 51)]
86;[(19, 29, 28, 20, 11, 3, 12, 4, 13), (77, 69, 60, 70, 62, 53, 44, 52), (41, 51)]
86;[(19, 29, 28, 20, 11, 3, 13, 12, 4), (77, 69, 60, 70, 62, 52, 53, 44), (41, 51)]
86;[(19, 29, 28, 20, 11, 3, 13, 4, 12), (77, 69, 60, 70, 62, 52, 44, 53), (41, 51)]
86;[(19, 29, 30, 20, 11, 3, 12, 13, 4), (68, 78, 69, 61, 62, 52, 44, 53), (41, 49)]
86;[(19, 29, 30, 20, 11, 3, 13, 12, 4), (68, 69, 78, 70, 62, 52, 53, 44), (41, 49)]
86;[(20, 28, 27, 19, 11, 3, 12, 13, 4), (68, 69, 60, 70, 62, 53, 52, 44), (41, 49)]
86;[(20, 29, 28, 19, 11, 12, 4, 13, 3), (68, 60, 51, 61, 62, 52, 53, 44), (59, 49)]
86;[(20, 29, 28, 19, 11, 3, 12, 13, 4), (68, 78, 69, 70, 62, 53, 44, 52), (41, 40)]
86;[(20, 29, 28, 19, 11, 3, 12, 13, 4), (77, 78, 69, 61, 62, 53, 44, 43), (50, 42)]
86;[(20, 29, 28, 19, 11, 3, 12, 13, 4), (77, 78, 69, 61, 62, 53, 44, 52), (41, 51)]
86;[(20, 29, 28, 19, 11, 3, 13, 12, 4), (68, 78, 79, 70, 60, 52, 53, 43), (41, 49)]
87;[(18, 27, 28, 20, 11, 3, 12, 13, 4), (77, 69, 78, 70, 62, 53, 44, 43), (50, 42)]
87;[(18, 27, 28, 20, 11, 3, 12, 13, 4), (77, 69, 78, 70, 62, 53, 44, 52), (41, 51)]
87;[(18, 28, 27, 19, 11, 3, 12, 13, 4), (68, 69, 60, 70, 62, 53, 52, 44), (59, 49)]
87;[(19, 27, 28, 20, 11, 3, 12, 13, 4), (77, 69, 60, 70, 62, 53, 52, 44), (41, 49)]
87;[(19, 27, 28, 20, 11, 3, 13, 12, 4), (77, 69, 60, 70, 62, 52, 53, 44), (41, 49)]
87;[(19, 27, 28, 20, 11, 3, 13, 4, 12), (77, 69, 60, 70, 62, 52, 44, 53), (41, 49)]
87;[(19, 28, 29, 20, 11, 3, 12, 13, 4), (68, 69, 60, 61, 62, 53, 44, 43), (59, 58)]
87;[(19, 29, 28, 20, 11, 12, 13, 3, 4), (68, 60, 69, 70, 62, 53, 44, 52), (41, 49)]
87;[(19, 29, 28, 20, 11, 12, 13, 4, 3), (68, 60, 69, 70, 62, 53, 52, 44), (41, 49)]
87;[(19, 29, 28, 20, 11, 12, 13, 4, 3), (68, 69, 79, 70, 62, 53, 52, 44), (41, 40)]
87;[(19, 29, 28, 20, 11, 12, 4, 13, 3), (68, 69, 79, 70, 62, 52, 53, 44), (41, 40)]
87;[(19, 29, 28, 20, 11, 3, 12, 13, 4), (68, 69, 78, 70, 62, 53, 43, 44), (50, 42)]
87;[(20, 28, 27, 19, 11, 3, 12, 13, 4), (77, 69, 78, 70, 62, 53, 44, 43), (50, 42)]
87;[(20, 28, 29, 19, 11, 3, 12, 13, 4), (59, 69, 60, 70, 62, 53, 52, 44), (41, 51)]
87;[(20, 29, 28, 19, 11, 12, 13, 3, 4), (68, 69, 60, 70, 62, 53, 44, 52), (41, 49)]
87;[(20, 29, 28, 19, 11, 12, 4, 13, 3), (68, 60, 69, 70, 62, 52, 53, 44), (41, 49)]
87;[(20, 29, 28, 19, 11, 12, 4, 13, 3), (68, 69, 60, 70, 62, 52, 53, 44), (41, 49)]
87;[(20, 29, 28, 19, 11, 3, 12, 13, 4), (68, 69, 78, 70, 62, 53, 44, 52), (41, 40)]
87;[(20, 29, 28, 19, 11, 3, 13, 12, 4), (68, 69, 78, 70, 62, 53, 44, 43), (50, 49)]
87;[(20, 29, 28, 19, 11, 3, 4, 12, 13), (68, 69, 78, 70, 62, 52, 53, 44), (41, 40)]
88;[(19, 27, 28, 20, 11, 3, 12, 13, 4), (68, 69, 78, 70, 62, 53, 44, 43), (50, 42)]
88;[(19, 27, 28, 20, 11, 3, 12, 13, 4), (68, 69, 78, 70, 62, 53, 44, 52), (41, 51)]
88;[(19, 27, 28, 20, 11, 3, 12, 13, 4), (68, 78, 69, 70, 62, 53, 44, 52), (30, 40)]
88;[(19, 29, 28, 20, 11, 12, 13, 4, 3), (68, 78, 69, 61, 62, 53, 43, 44), (50, 40)]
88;[(19, 29, 28, 20, 11, 3, 12, 13, 4), (68, 60, 69, 70, 62, 53, 44, 52), (41, 40)]
88;[(20, 29, 28, 19, 11, 3, 12, 13, 4), (68, 60, 69, 70, 62, 53, 44, 52), (41, 40)]
88;[(20, 29, 28, 19, 11, 3, 12, 4, 13), (68, 69, 78, 70, 62, 53, 44, 43), (47, 39)]
89;[(18, 27, 28, 19, 11, 3, 12, 13, 4), (77, 69, 60, 70, 62, 53, 44, 52), (30, 40)]
89;[(18, 27, 28, 19, 11, 3, 12, 13, 4), (77, 78, 69, 70, 62, 52, 53, 44), (41, 51)]
89;[(19, 27, 28, 20, 11, 3, 12, 13, 4), (77, 78, 69, 61, 62, 52, 53, 44), (41, 49)]
89;[(19, 28, 29, 20, 11, 3, 12, 13, 4), (77, 69, 60, 61, 62, 52, 53, 44), (41, 51)]
89;[(19, 29, 28, 20, 11, 3, 12, 13, 4), (68, 60, 69, 70, 62, 52, 53, 44), (64, 54)]
89;[(19, 29, 28, 20, 11, 3, 12, 13, 4), (77, 69, 78, 70, 62, 53, 44, 43), (50, 58)]
89;[(19, 29, 28, 20, 11, 3, 13, 4, 12), (68, 78, 79, 70, 60, 52, 44, 53), (41, 49)]
89;[(19, 29, 28, 20, 11, 3, 13, 4, 12), (77, 69, 79, 70, 60, 52, 44, 53), (41, 49)]
89;[(20, 28, 29, 19, 11, 3, 12, 13, 4), (68, 69, 78, 70, 61, 53, 52, 43), (41, 51)]
89;[(20, 28, 29, 19, 11, 3, 12, 13, 4), (77, 69, 60, 70, 62, 53, 44, 52), (59, 49)]
89;[(20, 29, 28, 19, 11, 3, 12, 13, 4), (68, 69, 60, 61, 62, 53, 44, 52), (59, 58)]
89;[(20, 29, 28, 19, 11, 3, 12, 13, 4), (77, 69, 60, 70, 62, 53, 44, 43), (50, 42)]
89;[(20, 29, 28, 19, 11, 3, 12, 13, 4), (77, 69, 78, 70, 62, 53, 44, 43), (50, 58)]
89;[(20, 29, 28, 19, 11, 3, 13, 12, 4), (59, 69, 60, 70, 62, 53, 52, 44), (41, 51)]
89;[(20, 29, 28, 19, 11, 3, 13, 12, 4), (77, 69, 60, 70, 62, 53, 44, 52), (41, 51)]
89;[(20, 29, 28, 19, 11, 3, 4, 12, 13), (59, 69, 60, 70, 62, 53, 43, 44), (50, 42)]
90;[(18, 27, 28, 19, 11, 3, 12, 13, 4), (68, 78, 69, 70, 62, 52, 53, 44), (41, 51)]
90;[(18, 27, 28, 19, 11, 3, 12, 13, 4), (77, 69, 78, 70, 62, 53, 44, 43), (50, 58)]
90;[(18, 27, 28, 20, 11, 3, 12, 13, 4), (68, 78, 69, 61, 62, 53, 43, 44), (50, 49)]
90;[(18, 27, 28, 20, 11, 3, 12, 13, 4), (77, 69, 78, 70, 61, 53, 43, 52), (41, 49)]
90;[(18, 27, 28, 20, 11, 3, 12, 13, 4), (77, 78, 69, 70, 61, 53, 52, 44), (41, 49)]
90;[(18, 27, 28, 20, 21, 12, 13, 3, 4), (77, 69, 78, 70, 62, 53, 44, 43), (50, 40)]
90;[(18, 28, 27, 19, 11, 3, 12, 13, 4), (77, 69, 78, 70, 62, 53, 44, 43), (50, 58)]
90;[(19, 27, 28, 20, 11, 12, 13, 4, 3), (77, 78, 70, 69, 61, 52, 43, 44), (50, 40)]
90;[(19, 27, 28, 20, 11, 3, 12, 13, 4), (77, 69, 60, 61, 62, 52, 44, 53), (41, 49)]
90;[(19, 27, 28, 20, 11, 3, 12, 13, 4), (77, 69, 60, 70, 62, 52, 53, 44), (41, 49)]
90;[(19, 27, 28, 20, 11, 3, 12, 13, 4), (77, 69, 78, 70, 61, 53, 43, 52), (41, 49)]
90;[(20, 28, 29, 19, 11, 3, 12, 13, 4), (68, 69, 60, 70, 62, 53, 44, 43), (50, 42)]
90;[(20, 29, 28, 19, 11, 3, 12, 13, 4), (77, 78, 69, 70, 62, 53, 44, 52), (38, 48)]
90;[(20, 29, 28, 19, 11, 3, 13, 12, 4), (68, 69, 78, 70, 62, 53, 44, 52), (59, 49)]
91;[(18, 27, 28, 19, 11, 12, 13, 3, 4), (77, 69, 78, 70, 62, 53, 44, 43), (50, 42)]
91;[(18, 27, 28, 19, 11, 3, 12, 13, 4), (68, 69, 78, 70, 62, 53, 44, 52), (59, 49)]
91;[(18, 27, 28, 19, 11, 3, 12, 13, 4), (77, 69, 78, 70, 62, 53, 43, 44), (50, 42)]
91;[(18, 28, 29, 20, 11, 3, 12, 13, 4), (68, 69, 78, 70, 62, 53, 44, 52), (30, 39)]
91;[(18, 28, 29, 20, 11, 3, 12, 13, 4), (68, 69, 78, 70, 62, 53, 44, 52), (31, 39)]
91;[(19, 29, 30, 20, 11, 3, 12, 13, 4), (77, 78, 69, 70, 62, 53, 44, 52), (41, 49)]
91;[(20, 29, 28, 19, 11, 3, 12, 13, 4), (68, 69, 60, 70, 62, 53, 44, 43), (59, 49)]
91;[(20, 29, 28, 19, 11, 3, 12, 4, 13), (68, 60, 70, 69, 61, 53, 43, 52), (41, 49)]
91;[(20, 29, 28, 19, 11, 3, 4, 14, 24), (77, 69, 60, 70, 62, 52, 44, 43), (32, 40)]
92;[(18, 27, 28, 20, 11, 3, 12, 13, 4), (68, 69, 78, 70, 62, 53, 44, 43), (65, 56)]
92;[(18, 27, 28, 20, 11, 3, 12, 13, 4), (68, 69, 78, 70, 62, 53, 44, 52), (65, 56)]
92;[(19, 27, 28, 20, 11, 3, 12, 13, 4), (68, 69, 60, 70, 62, 53, 44, 52), (30, 40)]
92;[(19, 27, 28, 20, 11, 3, 12, 13, 4), (77, 69, 78, 70, 61, 52, 53, 44), (41, 49)]
92;[(19, 29, 28, 20, 11, 12, 13, 3, 4), (68, 78, 79, 70, 62, 53, 44, 43), (50, 40)]
92;[(19, 29, 28, 20, 11, 12, 13, 4, 3), (68, 78, 79, 70, 62, 53, 43, 44), (50, 40)]
92;[(19, 29, 28, 20, 11, 3, 12, 13, 4), (68, 60, 69, 70, 62, 53, 44, 43), (50, 40)]
92;[(20, 29, 28, 19, 11, 3, 12, 13, 4), (68, 60, 69, 70, 62, 53, 44, 43), (50, 40)]
92;[(20, 29, 28, 19, 11, 3, 13, 12, 4), (68, 60, 69, 70, 62, 53, 44, 52), (41, 49)]
92;[(20, 29, 28, 19, 11, 3, 13, 12, 4), (68, 69, 60, 61, 62, 53, 44, 52), (59, 51)]
92;[(20, 29, 28, 19, 11, 3, 4, 14, 24), (59, 69, 60, 70, 62, 52, 44, 43), (32, 40)]
93;[(18, 27, 28, 19, 11, 12, 13, 4, 3), (77, 78, 69, 61, 62, 53, 43, 44), (50, 42)]
93;[(18, 27, 28, 19, 11, 3, 12, 13, 4), (77, 78, 69, 61, 62, 53, 43, 44), (50, 42)]
93;[(18, 27, 28, 20, 11, 3, 12, 13, 4), (68, 69, 60, 70, 62, 53, 44, 52), (30, 40)]
93;[(18, 28, 29, 20, 11, 3, 12, 13, 4), (68, 69, 60, 61, 62, 53, 44, 52), (30, 39)]
93;[(18, 28, 29, 20, 11, 3, 12, 13, 4), (68, 69, 60, 61, 62, 53, 44, 52), (31, 39)]
93;[(19, 27, 28, 20, 11, 3, 12, 13, 4), (77, 69, 60, 70, 61, 52, 44, 53), (41, 49)]
93;[(19, 28, 29, 20, 11, 3, 12, 13, 4), (68, 69, 60, 70, 62, 53, 44, 52), (41, 40)]
93;[(19, 29, 28, 20, 11, 12, 13, 3, 4), (68, 78, 69, 70, 62, 53, 44, 43), (50, 49)]
93;[(19, 29, 28, 20, 11, 12, 13, 3, 4), (77, 78, 69, 70, 62, 53, 44, 43), (50, 42)]
93;[(19, 29, 28, 20, 11, 12, 13, 4, 3), (68, 78, 69, 70, 62, 53, 43, 44), (50, 49)]
93;[(19, 29, 28, 20, 11, 12, 13, 4, 3), (77, 78, 69, 70, 62, 53, 43, 44), (50, 42)]
93;[(19, 29, 28, 20, 11, 3, 12, 13, 4), (68, 60, 69, 70, 61, 52, 53, 43), (41, 51)]
93;[(19, 29, 28, 20, 11, 3, 12, 13, 4), (77, 78, 69, 70, 62, 53, 43, 44), (50, 42)]
93;[(19, 29, 28, 20, 11, 3, 13, 4, 12), (68, 69, 78, 70, 60, 52, 61, 53), (41, 49)]
93;[(19, 29, 28, 20, 21, 12, 13, 4, 3), (68, 78, 69, 61, 62, 53, 43, 44), (50, 40)]
93;[(19, 29, 30, 20, 11, 3, 12, 13, 4), (77, 78, 69, 61, 62, 53, 43, 44), (50, 49)]
93;[(20, 29, 28, 19, 11, 3, 12, 13, 4), (68, 78, 69, 70, 62, 53, 44, 52), (38, 39)]
93;[(20, 29, 28, 19, 11, 3, 13, 12, 4), (68, 78, 69, 70, 62, 53, 44, 52), (59, 49)]
94;[(18, 27, 28, 19, 11, 3, 12, 13, 4), (68, 60, 69, 70, 62, 53, 44, 43), (59, 58)]
94;[(18, 27, 28, 19, 11, 3, 12, 13, 4), (77, 78, 69, 61, 62, 53, 43, 44), (50, 49)]
94;[(18, 27, 28, 20, 11, 12, 13, 4, 3), (77, 78, 69, 61, 62, 53, 52, 44), (41, 40)]
94;[(18, 28, 29, 19, 11, 3, 12, 13, 4), (68, 69, 78, 70, 62, 53, 44, 52), (30, 39)]
94;[(19, 27, 28, 20, 11, 3, 12, 13, 4), (68, 69, 78, 70, 62, 53, 44, 52), (30, 40)]
94;[(19, 28, 29, 20, 11, 3, 12, 13, 4), (68, 69, 60, 70, 62, 53, 52, 44), (59, 51)]
94;[(19, 28, 29, 20, 11, 3, 12, 13, 4), (68, 69, 78, 70, 61, 53, 52, 43), (41, 51)]
94;[(19, 29, 28, 20, 11, 3, 12, 13, 4), (68, 69, 78, 70, 62, 53, 44, 52), (41, 40)]
94;[(19, 29, 28, 20, 11, 3, 12, 13, 4), (77, 69, 60, 70, 62, 53, 44, 43), (50, 42)]
94;[(20, 28, 29, 19, 11, 3, 12, 13, 4), (68, 60, 70, 69, 61, 53, 52, 43), (41, 49)]
94;[(20, 29, 28, 19, 11, 3, 12, 13, 4), (68, 69, 78, 70, 62, 53, 44, 52), (38, 39)]
94;[(20, 29, 28, 19, 11, 3, 12, 13, 4), (77, 69, 60, 70, 62, 53, 44, 52), (59, 49)]
94;[(20, 29, 28, 19, 11, 3, 13, 12, 4), (68, 69, 70, 60, 61, 53, 52, 43), (41, 49)]
94;[(20, 29, 28, 19, 11, 3, 4, 12, 13), (77, 69, 60, 70, 62, 52, 53, 44), (59, 49)]
95;[(18, 27, 28, 19, 11, 3, 12, 13, 4), (68, 78, 69, 61, 62, 53, 52, 44), (41, 51)]
95;[(18, 27, 28, 19, 11, 3, 13, 12, 4), (68, 78, 69, 61, 62, 52, 53, 44), (41, 51)]
95;[(18, 28, 27, 19, 11, 3, 12, 13, 4), (68, 69, 60, 61, 62, 53, 52, 44), (59, 49)]
95;[(19, 27, 28, 20, 11, 3, 12, 13, 4), (68, 78, 69, 61, 62, 53, 43, 44), (50, 49)]
95;[(19, 28, 29, 20, 11, 3, 12, 13, 4), (59, 69, 60, 70, 62, 53, 52, 44), (41, 51)]
95;[(19, 29, 28, 20, 11, 12, 13, 3, 4), (77, 78, 69, 70, 62, 53, 44, 43), (50, 49)]
95;[(19, 29, 28, 20, 11, 12, 13, 4, 3), (77, 78, 69, 70, 62, 53, 43, 44), (50, 49)]
95;[(19, 29, 28, 20, 11, 3, 12, 13, 4), (77, 69, 60, 61, 62, 53, 52, 44), (41, 51)]
95;[(19, 29, 28, 20, 11, 3, 12, 4, 13), (77, 69, 60, 61, 62, 53, 44, 52), (41, 51)]
95;[(19, 29, 28, 20, 11, 3, 13, 12, 4), (77, 69, 60, 61, 62, 52, 53, 44), (41, 51)]
95;[(19, 29, 28, 20, 11, 3, 13, 4, 12), (77, 69, 60, 61, 62, 52, 44, 53), (41, 51)]
95;[(19, 29, 28, 20, 11, 3, 13, 4, 12), (77, 69, 78, 70, 60, 52, 61, 53), (41, 49)]
95;[(19, 29, 28, 20, 21, 12, 13, 3, 4), (77, 69, 78, 70, 62, 53, 44, 52), (59, 49)]
95;[(20, 29, 28, 19, 11, 3, 12, 13, 4), (68, 69, 60, 61, 62, 53, 44, 43), (59, 58)]
95;[(20, 29, 28, 19, 11, 3, 4, 12, 13), (68, 69, 78, 70, 62, 52, 53, 44), (38, 48)]
96;[(18, 27, 28, 20, 11, 3, 12, 13, 4), (68, 69, 60, 61, 62, 53, 44, 52), (59, 49)]
96;[(19, 27, 28, 20, 11, 3, 12, 13, 4), (68, 69, 60, 61, 62, 52, 44, 53), (41, 49)]
96;[(19, 27, 28, 20, 11, 3, 12, 13, 4), (77, 78, 69, 70, 61, 53, 52, 44), (41, 49)]
96;[(19, 28, 29, 20, 11, 3, 12, 13, 4), (68, 69, 78, 70, 62, 53, 44, 43), (50, 40)]
96;[(19, 29, 28, 20, 11, 12, 13, 3, 4), (77, 78, 79, 70, 62, 53, 44, 52), (41, 40)]
96;[(19, 29, 28, 20, 11, 12, 13, 4, 3), (77, 78, 79, 70, 62, 53, 52, 44), (41, 40)]
96;[(19, 29, 28, 20, 11, 12, 4, 13, 3), (77, 78, 79, 70, 62, 52, 53, 44), (41, 40)]
96;[(20, 28, 29, 19, 11, 3, 12, 13, 4), (68, 69, 78, 70, 62, 53, 44, 43), (50, 40)]
96;[(20, 29, 28, 19, 11, 12, 13, 3, 4), (77, 78, 79, 70, 62, 53, 44, 52), (41, 40)]
96;[(20, 29, 28, 19, 11, 12, 13, 4, 3), (77, 78, 79, 70, 62, 53, 52, 44), (41, 40)]
96;[(20, 29, 28, 19, 11, 12, 4, 13, 3), (77, 78, 79, 70, 62, 52, 53, 44), (41, 40)]
97;[(18, 27, 28, 19, 11, 3, 12, 13, 4), (77, 78, 69, 61, 62, 53, 44, 43), (50, 42)]
97;[(18, 27, 28, 20, 11, 3, 12, 13, 4), (68, 69, 60, 61, 62, 53, 43, 44), (50, 49)]
97;[(18, 28, 27, 19, 11, 3, 12, 13, 4), (68, 69, 60, 70, 62, 52, 53, 44), (59, 49)]
97;[(18, 28, 29, 19, 11, 3, 12, 13, 4), (68, 69, 78, 70, 62, 53, 52, 44), (41, 51)]
97;[(19, 29, 28, 20, 11, 3, 12, 13, 4), (68, 69, 60, 61, 62, 53, 44, 43), (50, 42)]
97;[(19, 29, 28, 20, 11, 3, 12, 13, 4), (68, 69, 78, 70, 62, 53, 44, 43), (46, 54)]
97;[(19, 29, 28, 20, 11, 3, 12, 13, 4), (77, 78, 69, 61, 62, 53, 44, 52), (41, 51)]
97;[(20, 29, 28, 19, 11, 3, 12, 13, 4), (68, 69, 78, 70, 62, 53, 44, 43), (47, 57)]
98;[(18, 27, 28, 19, 11, 3, 12, 13, 4), (68, 60, 69, 70, 62, 53, 44, 43), (50, 40)]
98;[(18, 27, 28, 19, 11, 3, 12, 13, 4), (68, 78, 69, 70, 62, 53, 44, 43), (50, 58)]
98;[(18, 27, 28, 20, 11, 3, 12, 13, 4), (68, 69, 60, 70, 62, 53, 52, 44), (41, 49)]
98;[(18, 27, 28, 20, 11, 3, 12, 13, 4), (77, 78, 69, 61, 62, 52, 53, 44), (41, 49)]
98;[(18, 27, 28, 20, 11, 3, 12, 4, 13), (68, 69, 60, 70, 62, 53, 44, 52), (41, 49)]
98;[(18, 27, 28, 20, 11, 3, 13, 12, 4), (68, 69, 60, 70, 62, 52, 53, 44), (41, 49)]
98;[(18, 27, 28, 20, 11, 3, 13, 4, 12), (68, 69, 60, 70, 62, 52, 44, 53), (41, 49)]
98;[(18, 27, 28, 20, 21, 12, 13, 3, 4), (68, 78, 69, 70, 62, 53, 44, 43), (50, 40)]
98;[(18, 27, 28, 20, 21, 12, 13, 4, 3), (68, 78, 69, 70, 62, 53, 43, 44), (50, 40)]
98;[(19, 27, 28, 20, 21, 12, 13, 3, 4), (68, 78, 69, 70, 62, 53, 44, 43), (50, 40)]
98;[(19, 27, 28, 20, 21, 12, 13, 4, 3), (68, 78, 69, 70, 62, 53, 43, 44), (50, 40)]
98;[(19, 28, 29, 20, 11, 3, 12, 13, 4), (68, 69, 60, 61, 62, 53, 43, 44), (59, 51)]
98;[(19, 29, 28, 20, 11, 3, 12, 13, 4), (68, 60, 69, 61, 62, 52, 44, 53), (41, 49)]
98;[(19, 29, 28, 20, 21, 12, 13, 3, 4), (68, 69, 60, 70, 62, 53, 44, 43), (50, 40)]
98;[(19, 29, 30, 20, 11, 3, 12, 13, 4), (77, 78, 69, 61, 62, 52, 44, 53), (41, 49)]
98;[(20, 28, 29, 19, 11, 3, 12, 13, 4), (68, 69, 60, 61, 62, 53, 52, 44), (59, 49)]
98;[(20, 29, 28, 19, 11, 3, 12, 13, 4), (68, 60, 69, 70, 62, 53, 44, 43), (47, 39)]
98;[(20, 29, 28, 19, 11, 3, 13, 12, 4), (77, 69, 79, 70, 60, 52, 53, 44), (41, 49)]
99;[(18, 27, 28, 19, 11, 3, 12, 13, 4), (68, 60, 69, 70, 62, 52, 53, 44), (41, 51)]
99;[(18, 27, 28, 19, 11, 3, 12, 13, 4), (68, 69, 60, 70, 61, 52, 44, 53), (41, 49)]
99;[(18, 28, 27, 19, 11, 3, 12, 13, 4), (68, 69, 78, 70, 62, 53, 44, 43), (30, 40)]
99;[(18, 28, 29, 20, 11, 3, 12, 13, 4), (68, 69, 78, 70, 61, 53, 52, 60), (41, 49)]
99;[(19, 28, 29, 20, 11, 3, 12, 13, 4), (68, 69, 60, 61, 62, 53, 44, 52), (59, 58)]
99;[(19, 28, 29, 20, 11, 3, 12, 13, 4), (68, 69, 60, 70, 62, 53, 44, 43), (59, 49)]
99;[(19, 28, 29, 20, 11, 3, 12, 13, 4), (77, 69, 60, 70, 62, 53, 44, 43), (30, 40)]
99;[(19, 29, 28, 20, 11, 3, 12, 13, 4), (68, 69, 60, 61, 62, 53, 44, 43), (59, 58)]
99;[(19, 29, 28, 20, 11, 3, 12, 13, 4), (68, 69, 60, 70, 61, 52, 53, 43), (41, 51)]
99;[(19, 29, 28, 20, 21, 12, 13, 3, 4), (77, 69, 60, 70, 62, 53, 44, 52), (59, 49)]
99;[(19, 29, 28, 20, 21, 12, 13, 4, 3), (77, 78, 69, 61, 62, 53, 43, 44), (50, 40)]
99;[(19, 29, 30, 20, 11, 3, 12, 13, 4), (68, 69, 78, 70, 62, 53, 44, 43), (28, 36)]
99;[(19, 29, 30, 20, 21, 12, 13, 4, 3), (77, 78, 69, 70, 62, 53, 52, 44), (41, 40)]
99;[(20, 29, 28, 19, 11, 3, 12, 13, 4), (68, 69, 78, 70, 62, 53, 44, 43), (64, 55)]
99;[(20, 29, 28, 19, 11, 3, 12, 13, 4), (68, 69, 78, 70, 62, 53, 44, 43), (64, 55)]
72;[(20, 29, 28, 19, 11, 3, 12, 13, 4), (68, 69, 78, 70, 62, 53, 44, 52), (64, 55)]
99;[(20, 29, 28, 19, 11, 3, 12, 13, 4), (68, 69, 78, 70, 62, 53, 44, 43), (64, 55)]
99;[(20, 29, 28, 19, 11, 3, 12, 13, 4), (68, 69, 78, 70, 62, 53, 44, 43), (64, 55)]
72;[(20, 29, 28, 19, 11, 3, 12, 13, 4), (68, 69, 78, 70, 62, 53, 44, 52), (64, 55)]
99;[(20, 29, 28, 19, 11, 3, 12, 13, 4), (68, 69, 78, 70, 62, 53, 44, 43), (64, 55)]
99;[(20, 29, 28, 19, 11, 3, 12, 13, 4), (68, 69, 78, 70, 62, 53, 44, 43), (64, 55)]
72;[(20, 29, 28, 19, 11, 3, 12, 13, 4), (68, 69, 78, 70, 62, 53, 44, 52), (64, 55)]
72;[(20, 29, 28, 19, 11, 3, 12, 13, 4), (68, 69, 78, 70, 62, 53, 44, 52), (64, 55)]
72;[(20, 29, 28, 19, 11, 3, 12, 13, 4), (68, 69, 78, 70, 62, 53, 44, 52), (64, 55)]
28;[(20, 29, 28, 19, 11, 3, 12, 13, 4), (68, 69, 78, 70, 62, 53, 44, 43), (47, 39)]
25;[(19, 29, 28, 20, 11, 12, 13, 4, 3), (68, 78, 69, 61, 62, 53, 52, 44), (41, 51)]
25;[(19, 29, 28, 20, 11, 12, 13, 4, 3), (68, 78, 69, 61, 62, 53, 52, 44), (41, 51)]
38;[(19, 29, 28, 20, 11, 12, 13, 4, 3), (77, 78, 69, 61, 62, 53, 52, 44), (41, 51)]
25;[(19, 29, 28, 20, 11, 12, 13, 4, 3), (68, 78, 69, 61, 62, 53, 52, 44), (41, 51)]
25;[(19, 29, 28, 20, 11, 12, 13, 4, 3), (68, 78, 69, 61, 62, 53, 52, 44), (41, 51)]
38;[(19, 29, 28, 20, 11, 12, 13, 4, 3), (77, 78, 69, 61, 62, 53, 52, 44), (41, 51)]
78;[(19, 29, 28, 20, 11, 12, 13, 4, 3), (68, 78, 79, 70, 62, 53, 52, 44), (41, 51)]
84;[(19, 29, 28, 20, 11, 12, 13, 4, 3), (68, 69, 79, 70, 62, 53, 52, 44), (41, 51)]
04;[(19, 29, 28, 20, 11, 12, 13, 4, 3), (68, 69, 78, 70, 62, 53, 52, 44), (41, 51)]
84;[(19, 29, 28, 20, 11, 12, 13, 4, 3), (68, 69, 79, 70, 62, 53, 52, 44), (41, 51)]
84;[(19, 29, 28, 20, 11, 12, 13, 4, 3), (68, 69, 79, 70, 62, 53, 52, 44), (41, 51)]
78;[(19, 29, 28, 20, 11, 12, 13, 4, 3), (68, 78, 79, 70, 62, 53, 52, 44), (41, 51)]
78;[(19, 29, 28, 20, 11, 12, 13, 4, 3), (68, 78, 79, 70, 62, 53, 52, 44), (41, 51)]
84;[(19, 29, 28, 20, 11, 12, 13, 4, 3), (68, 69, 79, 70, 62, 53, 52, 44), (41, 51)]
87;[(19, 29, 28, 20, 11, 12, 13, 4, 3), (68, 69, 79, 70, 62, 53, 52, 44), (41, 40)]
87;[(19, 29, 28, 20, 11, 12, 13, 4, 3), (68, 69, 79, 70, 62, 53, 52, 44), (41, 40)]
87;[(19, 29, 28, 20, 11, 12, 13, 4, 3), (68, 69, 79, 70, 62, 53, 52, 44), (41, 40)]
78;[(19, 29, 28, 20, 11, 12, 13, 4, 3), (68, 78, 79, 70, 62, 53, 52, 44), (41, 51)]
84;[(19, 29, 28, 20, 11, 12, 13, 4, 3), (68, 69, 79, 70, 62, 53, 52, 44), (41, 51)]
78;[(19, 29, 28, 20, 11, 12, 13, 4, 3), (68, 78, 79, 70, 62, 53, 52, 44), (41, 51)]
78;[(19, 29, 28, 20, 11, 12, 13, 4, 3), (68, 78, 79, 70, 62, 53, 52, 44), (41, 51)]
84;[(19, 29, 28, 20, 11, 12, 13, 4, 3), (68, 69, 79, 70, 62, 53, 52, 44), (41, 51)]
84;[(19, 29, 28, 20, 11, 12, 13, 4, 3), (68, 69, 79, 70, 62, 53, 52, 44), (41, 51)]
24;[(19, 29, 28, 20, 11, 12, 13, 4, 3), (68, 69, 60, 70, 62, 53, 52, 44), (41, 51)]
39;[(19, 29, 28, 20, 11, 12, 13, 4, 3), (68, 69, 60, 61, 62, 53, 52, 44), (41, 51)]
24;[(19, 29, 28, 20, 11, 12, 13, 4, 3), (68, 69, 60, 70, 62, 53, 52, 44), (41, 51)]
24;[(19, 29, 28, 20, 11, 12, 13, 4, 3), (68, 69, 60, 70, 62, 53, 52, 44), (41, 51)]
24;[(19, 29, 28, 20, 11, 12, 13, 4, 3), (68, 69, 60, 70, 62, 53, 52, 44), (41, 51)]
39;[(19, 29, 28, 20, 11, 12, 13, 4, 3), (68, 69, 60, 61, 62, 53, 52, 44), (41, 51)]
99;[(19, 29, 30, 20, 11, 3, 12, 13, 4), (68, 69, 78, 70, 62, 53, 44, 43), (28, 36)]
97;[(19, 29, 28, 20, 11, 3, 12, 13, 4), (77, 69, 78, 70, 62, 53, 44, 43), (46, 54)]
97;[(19, 29, 28, 20, 11, 3, 12, 13, 4), (77, 69, 78, 70, 62, 53, 44, 43), (46, 54)]
97;[(19, 29, 28, 20, 11, 3, 12, 13, 4), (77, 69, 78, 70, 62, 53, 44, 43), (46, 54)]
97;[(19, 29, 28, 20, 11, 3, 12, 13, 4), (77, 69, 78, 70, 62, 53, 44, 43), (46, 54)]
97;[(19, 29, 28, 20, 11, 3, 12, 13, 4), (77, 69, 78, 70, 62, 53, 44, 43), (46, 54)]
97;[(20, 29, 28, 19, 11, 3, 12, 13, 4), (68, 69, 78, 70, 62, 53, 44, 43), (47, 57)]
552;[(20, 29, 28, 19, 11, 3, 12, 13, 4), (68, 69, 78, 70, 62, 53, 44, 43), (66, 57)]
181;[(20, 29, 28, 19, 11, 3, 12, 13, 4), (68, 69, 78, 70, 62, 53, 44, 43), (38, 48)]
43;[(20, 29, 28, 19, 11, 3, 12, 13, 4), (68, 69, 78, 70, 62, 53, 44, 43), (38, 39)]
43;[(20, 29, 28, 19, 11, 3, 12, 13, 4), (68, 69, 78, 70, 62, 53, 44, 43), (38, 39)]
43;[(20, 29, 28, 19, 11, 3, 12, 13, 4), (68, 69, 78, 70, 62, 53, 44, 43), (38, 39)]
243;[(20, 29, 28, 19, 11, 3, 12, 13, 4), (68, 69, 60, 70, 62, 53, 44, 43), (38, 39)]
158;[(20, 29, 28, 19, 11, 3, 12, 13, 4), (68, 69, 60, 61, 62, 53, 44, 43), (38, 39)]
243;[(20, 29, 28, 19, 11, 3, 12, 13, 4), (68, 69, 60, 70, 62, 53, 44, 43), (38, 39)]
480;[(20, 29, 28, 19, 11, 3, 12, 13, 4), (59, 69, 60, 70, 62, 53, 44, 43), (38, 39)]
480;[(20, 29, 28, 19, 11, 3, 12, 13, 4), (59, 69, 60, 70, 62, 53, 44, 43), (38, 39)]
191;[(20, 29, 28, 19, 11, 3, 12, 13, 4), (59, 69, 60, 61, 62, 53, 44, 43), (38, 39)]
627;[(20, 29, 28, 19, 11, 3, 12, 13, 4), (59, 69, 60, 61, 62, 53, 44, 43), (38, 48)]
728;[(20, 29, 28, 19, 11, 3, 12, 13, 4), (77, 69, 60, 70, 62, 53, 44, 43), (38, 48)]
278;[(20, 29, 28, 19, 11, 3, 12, 13, 4), (77, 69, 60, 70, 62, 53, 44, 43), (38, 39)]
203;[(20, 29, 28, 19, 11, 3, 12, 13, 4), (77, 69, 60, 61, 62, 53, 44, 43), (38, 39)]
241;[(20, 29, 28, 19, 11, 3, 12, 13, 4), (77, 69, 60, 61, 62, 53, 44, 43), (47, 39)]
250;[(20, 29, 28, 19, 11, 3, 12, 13, 4), (77, 69, 60, 70, 62, 53, 44, 43), (47, 39)]
250;[(20, 29, 28, 19, 11, 3, 12, 13, 4), (77, 69, 60, 70, 62, 53, 44, 43), (47, 39)]
250;[(20, 29, 28, 19, 11, 3, 12, 13, 4), (77, 69, 60, 70, 62, 53, 44, 43), (47, 39)]
241;[(20, 29, 28, 19, 11, 3, 12, 13, 4), (59, 69, 60, 70, 62, 53, 44, 43), (47, 39)]
480;[(20, 29, 28, 19, 11, 3, 12, 13, 4), (59, 69, 60, 70, 62, 53, 44, 43), (38, 39)]
134;[(20, 29, 28, 19, 11, 3, 12, 13, 4), (68, 69, 78, 70, 62, 53, 44, 43), (47, 56)]
134;[(20, 29, 28, 19, 11, 3, 12, 13, 4), (68, 69, 78, 70, 62, 53, 44, 43), (47, 56)]
109;[(20, 29, 28, 19, 11, 3, 12, 13, 4), (68, 69, 78, 70, 62, 53, 44, 43), (47, 48)]
780;[(20, 29, 28, 19, 11, 3, 12, 13, 4), (68, 69, 78, 70, 62, 53, 44, 43), (47, 38)]
134;[(20, 29, 28, 19, 11, 3, 12, 13, 4), (68, 69, 78, 70, 62, 53, 44, 43), (47, 56)]
97;[(20, 29, 28, 19, 11, 3, 12, 13, 4), (68, 69, 78, 70, 62, 53, 44, 43), (47, 57)]
134;[(20, 29, 28, 19, 11, 3, 12, 13, 4), (68, 69, 78, 70, 62, 53, 44, 43), (47, 56)]
327;[(20, 29, 28, 19, 11, 3, 12, 13, 4), (68, 69, 78, 70, 62, 53, 44, 52), (47, 56)]
231;[(20, 29, 28, 19, 11, 3, 12, 13, 4), (68, 69, 78, 70, 62, 53, 44, 52), (64, 56)]
513;[(20, 29, 28, 19, 11, 3, 12, 13, 4), (68, 69, 78, 70, 62, 53, 44, 52), (47, 55)]
72;[(20, 29, 28, 19, 11, 3, 12, 13, 4), (68, 69, 78, 70, 62, 53, 44, 52), (64, 55)]
72;[(20, 29, 28, 19, 11, 3, 12, 13, 4), (68, 69, 78, 70, 62, 53, 44, 52), (64, 55)]
231;[(20, 29, 28, 19, 11, 3, 12, 13, 4), (68, 69, 78, 70, 62, 53, 44, 52), (64, 56)]
384;[(20, 29, 28, 19, 11, 3, 12, 13, 4), (68, 69, 78, 70, 62, 53, 44, 52), (64, 72)]
384;[(20, 29, 28, 19, 11, 3, 12, 13, 4), (68, 69, 78, 70, 62, 53, 44, 52), (64, 72)]
72;[(20, 29, 28, 19, 11, 3, 12, 13, 4), (68, 69, 78, 70, 62, 53, 44, 52), (64, 55)]
72;[(20, 29, 28, 19, 11, 3, 12, 13, 4), (68, 69, 78, 70, 62, 53, 44, 52), (64, 55)]
360;[(20, 29, 28, 19, 11, 3, 12, 13, 4), (68, 69, 78, 70, 62, 53, 44, 52), (65, 55)]
513;[(20, 29, 28, 19, 11, 3, 12, 13, 4), (68, 69, 78, 70, 62, 53, 44, 52), (47, 55)]
203;[(20, 29, 28, 19, 11, 3, 12, 13, 4), (68, 69, 78, 70, 62, 53, 44, 43), (47, 55)]
369;[(20, 29, 28, 19, 11, 3, 12, 13, 4), (68, 69, 78, 70, 62, 53, 44, 43), (47, 37)]
97;[(20, 29, 28, 19, 11, 3, 12, 13, 4), (68, 69, 78, 70, 62, 53, 44, 43), (47, 57)]
142;[(20, 29, 28, 19, 11, 3, 12, 13, 4), (77, 69, 78, 70, 62, 53, 44, 43), (47, 57)]
111;[(20, 29, 28, 19, 11, 3, 12, 13, 4), (77, 69, 78, 70, 62, 53, 44, 43), (47, 48)]
111;[(20, 29, 28, 19, 11, 3, 12, 13, 4), (77, 69, 78, 70, 62, 53, 44, 43), (47, 48)]
692;[(20, 29, 28, 19, 11, 3, 12, 13, 4), (77, 69, 60, 70, 62, 53, 44, 43), (47, 48)]
848;[(20, 29, 28, 19, 11, 3, 12, 13, 4), (77, 69, 60, 61, 62, 53, 44, 43), (47, 48)]
426;[(20, 29, 28, 19, 11, 3, 12, 13, 4), (77, 69, 60, 61, 62, 53, 44, 52), (38, 48)]
720;[(20, 29, 28, 19, 11, 3, 12, 13, 4), (77, 69, 60, 61, 62, 53, 44, 52), (38, 39)]
596;[(20, 29, 28, 19, 11, 3, 12, 13, 4), (77, 69, 60, 70, 62, 53, 44, 52), (38, 39)]
578;[(20, 29, 28, 19, 11, 3, 12, 13, 4), (77, 69, 60, 70, 62, 53, 44, 52), (47, 39)]
674;[(20, 29, 28, 19, 11, 3, 12, 13, 4), (68, 69, 78, 70, 62, 53, 44, 43), (63, 55)]
378;[(20, 29, 28, 19, 11, 3, 12, 13, 4), (68, 69, 78, 70, 62, 53, 44, 43), (65, 55)]
378;[(20, 29, 28, 19, 11, 3, 12, 13, 4), (68, 69, 78, 70, 62, 53, 44, 43), (65, 55)]
256;[(20, 29, 28, 19, 11, 3, 12, 13, 4), (68, 69, 78, 70, 62, 53, 44, 43), (65, 56)]
134;[(20, 29, 28, 19, 11, 3, 12, 13, 4), (68, 69, 78, 70, 62, 53, 44, 43), (47, 56)]
97;[(20, 29, 28, 19, 11, 3, 12, 13, 4), (68, 69, 78, 70, 62, 53, 44, 43), (47, 57)]
109;[(20, 29, 28, 19, 11, 3, 12, 13, 4), (68, 69, 78, 70, 62, 53, 44, 43), (47, 48)]
104;[(20, 29, 28, 19, 11, 3, 12, 13, 4), (68, 69, 78, 70, 62, 53, 44, 52), (47, 48)]
100;[(20, 29, 28, 19, 11, 3, 12, 13, 4), (68, 69, 78, 70, 62, 53, 44, 52), (47, 39)]
56;[(20, 29, 28, 19, 11, 3, 12, 13, 4), (68, 69, 78, 70, 62, 53, 44, 52), (30, 39)]
272;[(20, 29, 28, 19, 11, 3, 12, 13, 4), (68, 69, 70, 60, 52, 62, 53, 44), (66, 58)]
272;[(20, 29, 28, 19, 11, 3, 12, 13, 4), (68, 69, 70, 60, 52, 62, 53, 44), (66, 58)]
272;[(20, 29, 28, 19, 11, 3, 12, 13, 4), (68, 69, 70, 60, 52, 62, 53, 44), (66, 58)]
272;[(20, 29, 28, 19, 11, 3, 12, 13, 4), (68, 69, 70, 60, 52, 62, 53, 44), (66, 58)]
272;[(20, 29, 28, 19, 11, 3, 12, 13, 4), (68, 69, 70, 60, 52, 62, 53, 44), (66, 58)]
272;[(20, 29, 28, 19, 11, 3, 12, 13, 4), (68, 69, 70, 60, 52, 62, 53, 44), (66, 58)]
272;[(20, 29, 28, 19, 11, 3, 12, 13, 4), (68, 69, 70, 60, 52, 62, 53, 44), (66, 58)]
272;[(20, 29, 28, 19, 11, 3, 12, 13, 4), (68, 69, 70, 60, 52, 62, 53, 44), (66, 58)]
565;[(20, 29, 28, 19, 11, 3, 12, 13, 4), (68, 69, 70, 60, 52, 62, 53, 44), (59, 58)]
479;[(20, 29, 28, 19, 11, 3, 12, 13, 4), (68, 69, 61, 60, 52, 62, 53, 44), (59, 58)]
479;[(20, 29, 28, 19, 11, 3, 12, 13, 4), (68, 69, 61, 60, 52, 62, 53, 44), (59, 58)]
520;[(20, 29, 28, 19, 11, 3, 12, 13, 4), (77, 69, 61, 60, 52, 62, 53, 44), (59, 58)]
555;[(20, 29, 28, 19, 11, 3, 12, 13, 4), (77, 69, 61, 60, 52, 62, 53, 44), (59, 49)]
505;[(20, 29, 28, 19, 11, 3, 12, 13, 4), (77, 69, 61, 51, 52, 62, 53, 44), (59, 49)]
555;[(20, 29, 28, 19, 11, 3, 12, 13, 4), (77, 69, 61, 60, 52, 62, 53, 44), (59, 49)]
520;[(20, 29, 28, 19, 11, 3, 12, 13, 4), (77, 69, 61, 60, 52, 62, 53, 44), (59, 58)]
520;[(20, 29, 28, 19, 11, 3, 12, 13, 4), (77, 69, 61, 60, 52, 62, 53, 44), (59, 58)]
520;[(20, 29, 28, 19, 11, 3, 12, 13, 4), (77, 69, 61, 60, 52, 62, 53, 44), (59, 58)]
555;[(20, 29, 28, 19, 11, 3, 12, 13, 4), (77, 69, 61, 60, 52, 62, 53, 44), (59, 49)]
505;[(20, 29, 28, 19, 11, 3, 12, 13, 4), (77, 69, 61, 51, 52, 62, 53, 44), (59, 49)]
426;[(20, 29, 28, 19, 11, 3, 12, 13, 4), (77, 69, 60, 51, 52, 62, 53, 44), (59, 49)]
426;[(20, 29, 28, 19, 11, 3, 12, 13, 4), (77, 69, 60, 51, 52, 62, 53, 44), (59, 49)]
426;[(20, 29, 28, 19, 11, 3, 12, 13, 4), (77, 69, 60, 51, 52, 62, 53, 44), (59, 49)]
630;[(20, 29, 28, 19, 11, 3, 12, 13, 4), (77, 69, 60, 61, 52, 62, 53, 44), (59, 49)]
573;[(20, 29, 28, 19, 11, 3, 12, 13, 4), (77, 69, 60, 61, 52, 62, 53, 44), (59, 58)]
581;[(20, 29, 28, 19, 11, 3, 12, 13, 4), (68, 69, 60, 61, 52, 62, 53, 44), (59, 58)]
465;[(20, 29, 28, 19, 11, 3, 12, 13, 4), (68, 69, 60, 61, 52, 62, 53, 44), (59, 49)]
691;[(20, 29, 28, 19, 11, 3, 12, 13, 4), (68, 69, 60, 61, 52, 62, 53, 44), (59, 60)]
581;[(20, 29, 28, 19, 11, 3, 12, 13, 4), (68, 69, 60, 61, 52, 62, 53, 44), (59, 58)]
465;[(20, 29, 28, 19, 11, 3, 12, 13, 4), (68, 69, 60, 61, 52, 62, 53, 44), (59, 49)]
417;[(20, 29, 28, 19, 11, 3, 12, 13, 4), (68, 69, 60, 51, 52, 62, 53, 44), (59, 49)]
417;[(20, 29, 28, 19, 11, 3, 12, 13, 4), (68, 69, 60, 51, 52, 62, 53, 44), (59, 49)]
417;[(20, 29, 28, 19, 11, 3, 12, 13, 4), (68, 69, 60, 51, 52, 62, 53, 44), (59, 49)]
465;[(20, 29, 28, 19, 11, 3, 12, 13, 4), (68, 69, 60, 61, 52, 62, 53, 44), (59, 49)]
465;[(20, 29, 28, 19, 11, 3, 12, 13, 4), (68, 69, 60, 61, 52, 62, 53, 44), (59, 49)]
465;[(20, 29, 28, 19, 11, 3, 12, 13, 4), (68, 69, 60, 61, 52, 62, 53, 44), (59, 49)]
417;[(20, 29, 28, 19, 11, 3, 12, 13, 4), (68, 69, 60, 51, 52, 62, 53, 44), (59, 49)]
465;[(20, 29, 28, 19, 11, 3, 12, 13, 4), (68, 69, 60, 61, 52, 62, 53, 44), (59, 49)]
417;[(20, 29, 28, 19, 11, 3, 12, 13, 4), (68, 69, 60, 51, 52, 62, 53, 44), (59, 49)]
465;[(20, 29, 28, 19, 11, 3, 12, 13, 4), (68, 69, 60, 61, 52, 62, 53, 44), (59, 49)]
417;[(20, 29, 28, 19, 11, 3, 12, 13, 4), (68, 69, 60, 51, 52, 62, 53, 44), (59, 49)]
465;[(20, 29, 28, 19, 11, 3, 12, 13, 4), (68, 69, 60, 61, 52, 62, 53, 44), (59, 49)]
417;[(20, 29, 28, 19, 11, 3, 12, 13, 4), (68, 69, 60, 51, 52, 62, 53, 44), (59, 49)]
465;[(20, 29, 28, 19, 11, 3, 12, 13, 4), (68, 69, 60, 61, 52, 62, 53, 44), (59, 49)]
417;[(20, 29, 28, 19, 11, 3, 12, 13, 4), (68, 69, 60, 51, 52, 62, 53, 44), (59, 49)]
417;[(20, 29, 28, 19, 11, 3, 12, 13, 4), (68, 69, 60, 51, 52, 62, 53, 44), (59, 49)]
465;[(20, 29, 28, 19, 11, 3, 12, 13, 4), (68, 69, 60, 61, 52, 62, 53, 44), (59, 49)]
465;[(20, 29, 28, 19, 11, 3, 12, 13, 4), (68, 69, 60, 61, 52, 62, 53, 44), (59, 49)]
465;[(20, 29, 28, 19, 11, 3, 12, 13, 4), (68, 69, 60, 61, 52, 62, 53, 44), (59, 49)]
417;[(20, 29, 28, 19, 11, 3, 12, 13, 4), (68, 69, 60, 51, 52, 62, 53, 44), (59, 49)]
417;[(20, 29, 28, 19, 11, 3, 12, 13, 4), (68, 69, 60, 51, 52, 62, 53, 44), (59, 49)]
417;[(20, 29, 28, 19, 11, 3, 12, 13, 4), (68, 69, 60, 51, 52, 62, 53, 44), (59, 49)]
426;[(20, 29, 28, 19, 11, 3, 12, 13, 4), (77, 69, 60, 51, 52, 62, 53, 44), (59, 49)]
426;[(20, 29, 28, 19, 11, 3, 12, 13, 4), (77, 69, 60, 51, 52, 62, 53, 44), (59, 49)]
630;[(20, 29, 28, 19, 11, 3, 12, 13, 4), (77, 69, 60, 61, 52, 62, 53, 44), (59, 49)]
573;[(20, 29, 28, 19, 11, 3, 12, 13, 4), (77, 69, 60, 61, 52, 62, 53, 44), (59, 58)]
630;[(20, 29, 28, 19, 11, 3, 12, 13, 4), (77, 69, 60, 61, 52, 62, 53, 44), (59, 49)]
426;[(20, 29, 28, 19, 11, 3, 12, 13, 4), (77, 69, 60, 51, 52, 62, 53, 44), (59, 49)]
505;[(20, 29, 28, 19, 11, 3, 12, 13, 4), (77, 69, 61, 51, 52, 62, 53, 44), (59, 49)]
555;[(20, 29, 28, 19, 11, 3, 12, 13, 4), (77, 69, 61, 60, 52, 62, 53, 44), (59, 49)]
520;[(20, 29, 28, 19, 11, 3, 12, 13, 4), (77, 69, 61, 60, 52, 62, 53, 44), (59, 58)]
520;[(20, 29, 28, 19, 11, 3, 12, 13, 4), (77, 69, 61, 60, 52, 62, 53, 44), (59, 58)]
479;[(20, 29, 28, 19, 11, 3, 12, 13, 4), (68, 69, 61, 60, 52, 62, 53, 44), (59, 58)]
380;[(20, 29, 28, 19, 11, 3, 12, 13, 4), (68, 69, 61, 60, 52, 62, 53, 44), (59, 49)]
479;[(20, 29, 28, 19, 11, 3, 12, 13, 4), (68, 69, 61, 60, 52, 62, 53, 44), (59, 58)]
479;[(20, 29, 28, 19, 11, 3, 12, 13, 4), (68, 69, 61, 60, 52, 62, 53, 44), (59, 58)]
479;[(20, 29, 28, 19, 11, 3, 12, 13, 4), (68, 69, 61, 60, 52, 62, 53, 44), (59, 58)]
380;[(20, 29, 28, 19, 11, 3, 12, 13, 4), (68, 69, 61, 60, 52, 62, 53, 44), (59, 49)]
516;[(20, 29, 28, 19, 11, 3, 12, 13, 4), (68, 69, 61, 51, 52, 62, 53, 44), (59, 49)]
505;[(20, 29, 28, 19, 11, 3, 12, 13, 4), (77, 69, 61, 51, 52, 62, 53, 44), (59, 49)]
555;[(20, 29, 28, 19, 11, 3, 12, 13, 4), (77, 69, 61, 60, 52, 62, 53, 44), (59, 49)]
505;[(20, 29, 28, 19, 11, 3, 12, 13, 4), (77, 69, 61, 51, 52, 62, 53, 44), (59, 49)]
426;[(20, 29, 28, 19, 11, 3, 12, 13, 4), (77, 69, 60, 51, 52, 62, 53, 44), (59, 49)]
417;[(20, 29, 28, 19, 11, 3, 12, 13, 4), (68, 69, 60, 51, 52, 62, 53, 44), (59, 49)]
516;[(20, 29, 28, 19, 11, 3, 12, 13, 4), (68, 69, 61, 51, 52, 62, 53, 44), (59, 49)]
380;[(20, 29, 28, 19, 11, 3, 12, 13, 4), (68, 69, 61, 60, 52, 62, 53, 44), (59, 49)]
316;[(20, 29, 28, 19, 11, 3, 12, 13, 4), (68, 69, 70, 60, 52, 62, 53, 44), (59, 49)]
565;[(20, 29, 28, 19, 11, 3, 12, 13, 4), (68, 69, 70, 60, 52, 62, 53, 44), (59, 58)]
479;[(20, 29, 28, 19, 11, 3, 12, 13, 4), (68, 69, 61, 60, 52, 62, 53, 44), (59, 58)]
380;[(20, 29, 28, 19, 11, 3, 12, 13, 4), (68, 69, 61, 60, 52, 62, 53, 44), (59, 49)]
380;[(20, 29, 28, 19, 11, 3, 12, 13, 4), (68, 69, 61, 60, 52, 62, 53, 44), (59, 49)]
316;[(20, 29, 28, 19, 11, 3, 12, 13, 4), (68, 69, 70, 60, 52, 62, 53, 44), (59, 49)]
533;[(20, 29, 28, 19, 11, 3, 12, 13, 4), (68, 78, 70, 60, 52, 62, 53, 44), (59, 49)]
540;[(20, 29, 28, 19, 11, 3, 12, 13, 4), (77, 78, 70, 60, 52, 62, 53, 44), (59, 49)]
511;[(20, 29, 28, 19, 11, 3, 12, 13, 4), (77, 78, 70, 60, 52, 62, 53, 44), (41, 49)]
440;[(20, 29, 28, 19, 11, 3, 12, 13, 4), (77, 69, 70, 60, 52, 62, 53, 44), (41, 49)]
511;[(20, 29, 28, 19, 11, 3, 12, 13, 4), (77, 78, 70, 60, 52, 62, 53, 44), (41, 49)]
511;[(20, 29, 28, 19, 11, 3, 12, 13, 4), (77, 78, 70, 60, 52, 62, 53, 44), (41, 49)]
540;[(20, 29, 28, 19, 11, 3, 12, 13, 4), (77, 78, 70, 60, 52, 62, 53, 44), (59, 49)]
511;[(20, 29, 28, 19, 11, 3, 12, 13, 4), (77, 78, 70, 60, 52, 62, 53, 44), (41, 49)]
537;[(20, 29, 28, 19, 11, 3, 12, 13, 4), (68, 78, 70, 60, 52, 62, 53, 44), (41, 49)]
533;[(20, 29, 28, 19, 11, 3, 12, 13, 4), (68, 78, 70, 60, 52, 62, 53, 44), (59, 49)]
537;[(20, 29, 28, 19, 11, 3, 12, 13, 4), (68, 78, 70, 60, 52, 62, 53, 44), (41, 49)]
470;[(20, 29, 28, 19, 11, 3, 12, 13, 4), (68, 69, 70, 60, 52, 62, 53, 44), (41, 49)]
470;[(20, 29, 28, 19, 11, 3, 12, 13, 4), (68, 69, 70, 60, 52, 62, 53, 44), (41, 49)]
537;[(20, 29, 28, 19, 11, 3, 12, 13, 4), (68, 78, 70, 60, 52, 62, 53, 44), (41, 49)]
470;[(20, 29, 28, 19, 11, 3, 12, 13, 4), (68, 69, 70, 60, 52, 62, 53, 44), (41, 49)]
470;[(20, 29, 28, 19, 11, 3, 12, 13, 4), (68, 69, 70, 60, 52, 62, 53, 44), (41, 49)]
470;[(20, 29, 28, 19, 11, 3, 12, 13, 4), (68, 69, 70, 60, 52, 62, 53, 44), (41, 49)]
470;[(20, 29, 28, 19, 11, 3, 12, 13, 4), (68, 69, 70, 60, 52, 62, 53, 44), (41, 49)]
470;[(20, 29, 28, 19, 11, 3, 12, 13, 4), (68, 69, 70, 60, 52, 62, 53, 44), (41, 49)]
316;[(20, 29, 28, 19, 11, 3, 12, 13, 4), (68, 69, 70, 60, 52, 62, 53, 44), (59, 49)]
316;[(20, 29, 28, 19, 11, 3, 12, 13, 4), (68, 69, 70, 60, 52, 62, 53, 44), (59, 49)]
316;[(20, 29, 28, 19, 11, 3, 12, 13, 4), (68, 69, 70, 60, 52, 62, 53, 44), (59, 49)]
316;[(20, 29, 28, 19, 11, 3, 12, 13, 4), (68, 69, 70, 60, 52, 62, 53, 44), (59, 49)]
533;[(20, 29, 28, 19, 11, 3, 12, 13, 4), (68, 78, 70, 60, 52, 62, 53, 44), (59, 49)]
540;[(20, 29, 28, 19, 11, 3, 12, 13, 4), (77, 78, 70, 60, 52, 62, 53, 44), (59, 49)]
511;[(20, 29, 28, 19, 11, 3, 12, 13, 4), (77, 78, 70, 60, 52, 62, 53, 44), (41, 49)]
540;[(20, 29, 28, 19, 11, 3, 12, 13, 4), (77, 78, 70, 60, 52, 62, 53, 44), (59, 49)]
540;[(20, 29, 28, 19, 11, 3, 12, 13, 4), (77, 78, 70, 60, 52, 62, 53, 44), (59, 49)]
511;[(20, 29, 28, 19, 11, 3, 12, 13, 4), (77, 78, 70, 60, 52, 62, 53, 44), (41, 49)]
540;[(20, 29, 28, 19, 11, 3, 12, 13, 4), (77, 78, 70, 60, 52, 62, 53, 44), (59, 49)]
533;[(20, 29, 28, 19, 11, 3, 12, 13, 4), (68, 78, 70, 60, 52, 62, 53, 44), (59, 49)]
316;[(20, 29, 28, 19, 11, 3, 12, 13, 4), (68, 69, 70, 60, 52, 62, 53, 44), (59, 49)]
316;[(20, 29, 28, 19, 11, 3, 12, 13, 4), (68, 69, 70, 60, 52, 62, 53, 44), (59, 49)]
380;[(20, 29, 28, 19, 11, 3, 12, 13, 4), (68, 69, 61, 60, 52, 62, 53, 44), (59, 49)]
